name,screentime,episode
Tyrion Lannister,383,Episode - 1
Tyrion Lannister,566,Episode - 2
Tyrion Lannister,635,Episode - 3
Tyrion Lannister,374,Episode - 4
Tyrion Lannister,428,Episode - 5
Tyrion Lannister,787,Episode - 6
Tyrion Lannister,0,Episode - 7
Tyrion Lannister,525,Episode - 8
Tyrion Lannister,927,Episode - 9
Tyrion Lannister,278,Episode - 10
Tyrion Lannister,557,Episode - 11
Tyrion Lannister,653,Episode - 12
Tyrion Lannister,732,Episode - 13
Tyrion Lannister,352,Episode - 14
Tyrion Lannister,474,Episode - 15
Tyrion Lannister,245,Episode - 16
Tyrion Lannister,202,Episode - 17
Tyrion Lannister,827,Episode - 18
Tyrion Lannister,837,Episode - 19
Tyrion Lannister,378,Episode - 20
Tyrion Lannister,559,Episode - 21
Tyrion Lannister,201,Episode - 22
Tyrion Lannister,654,Episode - 23
Tyrion Lannister,245,Episode - 24
Tyrion Lannister,361,Episode - 25
Tyrion Lannister,233,Episode - 26
Tyrion Lannister,216,Episode - 27
Tyrion Lannister,904,Episode - 28
Tyrion Lannister,0,Episode - 29
Tyrion Lannister,773,Episode - 30
Tyrion Lannister,628,Episode - 31
Tyrion Lannister,1433,Episode - 32
Tyrion Lannister,320,Episode - 33
Tyrion Lannister,161,Episode - 34
Tyrion Lannister,0,Episode - 35
Tyrion Lannister,1011,Episode - 36
Tyrion Lannister,750,Episode - 37
Tyrion Lannister,680,Episode - 38
Tyrion Lannister,0,Episode - 39
Tyrion Lannister,497,Episode - 40
Tyrion Lannister,401,Episode - 41
Tyrion Lannister,146,Episode - 42
Tyrion Lannister,412,Episode - 43
Tyrion Lannister,271,Episode - 44
Tyrion Lannister,468,Episode - 45
Tyrion Lannister,471,Episode - 46
Tyrion Lannister,393,Episode - 47
Tyrion Lannister,605,Episode - 48
Tyrion Lannister,944,Episode - 49
Tyrion Lannister,358,Episode - 50
Tyrion Lannister,213,Episode - 51
Tyrion Lannister,371,Episode - 52
Tyrion Lannister,203,Episode - 53
Tyrion Lannister,424,Episode - 54
Tyrion Lannister,343,Episode - 55
Tyrion Lannister,0,Episode - 56
Tyrion Lannister,0,Episode - 57
Tyrion Lannister,436,Episode - 58
Tyrion Lannister,634,Episode - 59
Tyrion Lannister,228,Episode - 60
Tyrion Lannister,334,Episode - 61
Tyrion Lannister,685,Episode - 62
Tyrion Lannister,1308,Episode - 63
Tyrion Lannister,248,Episode - 64
Tyrion Lannister,1015,Episode - 65
Tyrion Lannister,371,Episode - 66
Tyrion Lannister,1888,Episode - 67
Tyrion Lannister,498,Episode - 68
Tyrion Lannister,1303,Episode - 69
Tyrion Lannister,438,Episode - 70
Tyrion Lannister,2376,Episode - 71
Tyrion Lannister,1029,Episode - 72
Tyrion Lannister,2504,Episode - 73
Bran Stark,1083,Episode - 1
Bran Stark,646,Episode - 2
Bran Stark,182,Episode - 3
Bran Stark,206,Episode - 4
Bran Stark,155,Episode - 5
Bran Stark,319,Episode - 6
Bran Stark,0,Episode - 7
Bran Stark,362,Episode - 8
Bran Stark,0,Episode - 9
Bran Stark,162,Episode - 10
Bran Stark,207,Episode - 11
Bran Stark,0,Episode - 12
Bran Stark,185,Episode - 13
Bran Stark,0,Episode - 14
Bran Stark,209,Episode - 15
Bran Stark,469,Episode - 16
Bran Stark,61,Episode - 17
Bran Stark,56,Episode - 18
Bran Stark,0,Episode - 19
Bran Stark,200,Episode - 20
Bran Stark,0,Episode - 21
Bran Stark,427,Episode - 22
Bran Stark,0,Episode - 23
Bran Stark,79,Episode - 24
Bran Stark,0,Episode - 25
Bran Stark,181,Episode - 26
Bran Stark,238,Episode - 27
Bran Stark,0,Episode - 28
Bran Stark,429,Episode - 29
Bran Stark,414,Episode - 30
Bran Stark,0,Episode - 31
Bran Stark,181,Episode - 32
Bran Stark,0,Episode - 33
Bran Stark,276,Episode - 34
Bran Stark,457,Episode - 35
Bran Stark,0,Episode - 36
Bran Stark,0,Episode - 37
Bran Stark,0,Episode - 38
Bran Stark,0,Episode - 39
Bran Stark,513,Episode - 40
Bran Stark,0,Episode - 41
Bran Stark,0,Episode - 42
Bran Stark,0,Episode - 43
Bran Stark,0,Episode - 44
Bran Stark,0,Episode - 45
Bran Stark,0,Episode - 46
Bran Stark,0,Episode - 47
Bran Stark,0,Episode - 48
Bran Stark,0,Episode - 49
Bran Stark,0,Episode - 50
Bran Stark,0,Episode - 51
Bran Stark,292,Episode - 52
Bran Stark,393,Episode - 53
Bran Stark,0,Episode - 54
Bran Stark,761,Episode - 55
Bran Stark,375,Episode - 56
Bran Stark,0,Episode - 57
Bran Stark,0,Episode - 58
Bran Stark,0,Episode - 59
Bran Stark,286,Episode - 60
Bran Stark,89,Episode - 61
Bran Stark,0,Episode - 62
Bran Stark,154,Episode - 63
Bran Stark,416,Episode - 64
Bran Stark,24,Episode - 65
Bran Stark,0,Episode - 66
Bran Stark,563,Episode - 67
Bran Stark,328,Episode - 68
Bran Stark,612,Episode - 69
Bran Stark,546,Episode - 70
Bran Stark,781,Episode - 71
Bran Stark,0,Episode - 72
Bran Stark,1029,Episode - 73
Robb Stark,859,Episode - 1
Robb Stark,346,Episode - 2
Robb Stark,182,Episode - 3
Robb Stark,103,Episode - 4
Robb Stark,0,Episode - 5
Robb Stark,273,Episode - 6
Robb Stark,0,Episode - 7
Robb Stark,651,Episode - 8
Robb Stark,363,Episode - 9
Robb Stark,256,Episode - 10
Robb Stark,539,Episode - 11
Robb Stark,0,Episode - 12
Robb Stark,0,Episode - 13
Robb Stark,215,Episode - 14
Robb Stark,0,Episode - 15
Robb Stark,294,Episode - 16
Robb Stark,164,Episode - 17
Robb Stark,675,Episode - 18
Robb Stark,0,Episode - 19
Robb Stark,155,Episode - 20
Robb Stark,170,Episode - 21
Robb Stark,205,Episode - 22
Robb Stark,274,Episode - 23
Robb Stark,0,Episode - 24
Robb Stark,403,Episode - 25
Robb Stark,226,Episode - 26
Robb Stark,308,Episode - 27
Robb Stark,0,Episode - 28
Robb Stark,1029,Episode - 29
Robb Stark,21,Episode - 30
Robb Stark,0,Episode - 31
Robb Stark,0,Episode - 32
Robb Stark,0,Episode - 33
Robb Stark,0,Episode - 34
Robb Stark,0,Episode - 35
Robb Stark,0,Episode - 36
Robb Stark,0,Episode - 37
Robb Stark,0,Episode - 38
Robb Stark,0,Episode - 39
Robb Stark,0,Episode - 40
Robb Stark,0,Episode - 41
Robb Stark,0,Episode - 42
Robb Stark,0,Episode - 43
Robb Stark,0,Episode - 44
Robb Stark,0,Episode - 45
Robb Stark,0,Episode - 46
Robb Stark,0,Episode - 47
Robb Stark,0,Episode - 48
Robb Stark,0,Episode - 49
Robb Stark,0,Episode - 50
Robb Stark,0,Episode - 51
Robb Stark,0,Episode - 52
Robb Stark,0,Episode - 53
Robb Stark,0,Episode - 54
Robb Stark,0,Episode - 55
Robb Stark,10,Episode - 56
Robb Stark,0,Episode - 57
Robb Stark,0,Episode - 58
Robb Stark,0,Episode - 59
Robb Stark,0,Episode - 60
Robb Stark,0,Episode - 61
Robb Stark,0,Episode - 62
Robb Stark,0,Episode - 63
Robb Stark,0,Episode - 64
Robb Stark,0,Episode - 65
Robb Stark,0,Episode - 66
Robb Stark,0,Episode - 67
Robb Stark,0,Episode - 68
Robb Stark,0,Episode - 69
Robb Stark,0,Episode - 70
Robb Stark,0,Episode - 71
Robb Stark,0,Episode - 72
Robb Stark,0,Episode - 73
Catelyn Stark,1121,Episode - 1
Catelyn Stark,798,Episode - 2
Catelyn Stark,343,Episode - 3
Catelyn Stark,184,Episode - 4
Catelyn Stark,387,Episode - 5
Catelyn Stark,602,Episode - 6
Catelyn Stark,0,Episode - 7
Catelyn Stark,491,Episode - 8
Catelyn Stark,607,Episode - 9
Catelyn Stark,439,Episode - 10
Catelyn Stark,171,Episode - 11
Catelyn Stark,0,Episode - 12
Catelyn Stark,329,Episode - 13
Catelyn Stark,421,Episode - 14
Catelyn Stark,391,Episode - 15
Catelyn Stark,161,Episode - 16
Catelyn Stark,327,Episode - 17
Catelyn Stark,101,Episode - 18
Catelyn Stark,0,Episode - 19
Catelyn Stark,104,Episode - 20
Catelyn Stark,105,Episode - 21
Catelyn Stark,265,Episode - 22
Catelyn Stark,280,Episode - 23
Catelyn Stark,16,Episode - 24
Catelyn Stark,274,Episode - 25
Catelyn Stark,226,Episode - 26
Catelyn Stark,73,Episode - 27
Catelyn Stark,0,Episode - 28
Catelyn Stark,1074,Episode - 29
Catelyn Stark,0,Episode - 30
Catelyn Stark,0,Episode - 31
Catelyn Stark,0,Episode - 32
Catelyn Stark,0,Episode - 33
Catelyn Stark,0,Episode - 34
Catelyn Stark,0,Episode - 35
Catelyn Stark,0,Episode - 36
Catelyn Stark,0,Episode - 37
Catelyn Stark,0,Episode - 38
Catelyn Stark,0,Episode - 39
Catelyn Stark,0,Episode - 40
Catelyn Stark,0,Episode - 41
Catelyn Stark,0,Episode - 42
Catelyn Stark,0,Episode - 43
Catelyn Stark,0,Episode - 44
Catelyn Stark,0,Episode - 45
Catelyn Stark,0,Episode - 46
Catelyn Stark,0,Episode - 47
Catelyn Stark,0,Episode - 48
Catelyn Stark,0,Episode - 49
Catelyn Stark,0,Episode - 50
Catelyn Stark,0,Episode - 51
Catelyn Stark,0,Episode - 52
Catelyn Stark,0,Episode - 53
Catelyn Stark,0,Episode - 54
Catelyn Stark,0,Episode - 55
Catelyn Stark,7,Episode - 56
Catelyn Stark,0,Episode - 57
Catelyn Stark,0,Episode - 58
Catelyn Stark,0,Episode - 59
Catelyn Stark,0,Episode - 60
Catelyn Stark,0,Episode - 61
Catelyn Stark,0,Episode - 62
Catelyn Stark,0,Episode - 63
Catelyn Stark,0,Episode - 64
Catelyn Stark,0,Episode - 65
Catelyn Stark,0,Episode - 66
Catelyn Stark,0,Episode - 67
Catelyn Stark,0,Episode - 68
Catelyn Stark,0,Episode - 69
Catelyn Stark,0,Episode - 70
Catelyn Stark,0,Episode - 71
Catelyn Stark,0,Episode - 72
Catelyn Stark,0,Episode - 73
Cersei Lannister,786,Episode - 1
Cersei Lannister,528,Episode - 2
Cersei Lannister,228,Episode - 3
Cersei Lannister,349,Episode - 4
Cersei Lannister,379,Episode - 5
Cersei Lannister,269,Episode - 6
Cersei Lannister,685,Episode - 7
Cersei Lannister,501,Episode - 8
Cersei Lannister,330,Episode - 9
Cersei Lannister,197,Episode - 10
Cersei Lannister,546,Episode - 11
Cersei Lannister,277,Episode - 12
Cersei Lannister,170,Episode - 13
Cersei Lannister,0,Episode - 14
Cersei Lannister,98,Episode - 15
Cersei Lannister,190,Episode - 16
Cersei Lannister,368,Episode - 17
Cersei Lannister,324,Episode - 18
Cersei Lannister,775,Episode - 19
Cersei Lannister,273,Episode - 20
Cersei Lannister,413,Episode - 21
Cersei Lannister,131,Episode - 22
Cersei Lannister,244,Episode - 23
Cersei Lannister,343,Episode - 24
Cersei Lannister,270,Episode - 25
Cersei Lannister,172,Episode - 26
Cersei Lannister,0,Episode - 27
Cersei Lannister,429,Episode - 28
Cersei Lannister,0,Episode - 29
Cersei Lannister,427,Episode - 30
Cersei Lannister,195,Episode - 31
Cersei Lannister,1258,Episode - 32
Cersei Lannister,490,Episode - 33
Cersei Lannister,154,Episode - 34
Cersei Lannister,698,Episode - 35
Cersei Lannister,1130,Episode - 36
Cersei Lannister,60,Episode - 37
Cersei Lannister,300,Episode - 38
Cersei Lannister,0,Episode - 39
Cersei Lannister,409,Episode - 40
Cersei Lannister,377,Episode - 41
Cersei Lannister,358,Episode - 42
Cersei Lannister,548,Episode - 43
Cersei Lannister,260,Episode - 44
Cersei Lannister,0,Episode - 45
Cersei Lannister,646,Episode - 46
Cersei Lannister,650,Episode - 47
Cersei Lannister,291,Episode - 48
Cersei Lannister,0,Episode - 49
Cersei Lannister,797,Episode - 50
Cersei Lannister,253,Episode - 51
Cersei Lannister,211,Episode - 52
Cersei Lannister,230,Episode - 53
Cersei Lannister,352,Episode - 54
Cersei Lannister,0,Episode - 55
Cersei Lannister,119,Episode - 56
Cersei Lannister,130,Episode - 57
Cersei Lannister,371,Episode - 58
Cersei Lannister,0,Episode - 59
Cersei Lannister,556,Episode - 60
Cersei Lannister,539,Episode - 61
Cersei Lannister,205,Episode - 62
Cersei Lannister,688,Episode - 63
Cersei Lannister,90,Episode - 64
Cersei Lannister,324,Episode - 65
Cersei Lannister,0,Episode - 66
Cersei Lannister,1580,Episode - 67
Cersei Lannister,294,Episode - 68
Cersei Lannister,0,Episode - 69
Cersei Lannister,0,Episode - 70
Cersei Lannister,541,Episode - 71
Cersei Lannister,586,Episode - 72
Cersei Lannister,130,Episode - 73
Renly Baratheon,0,Episode - 1
Renly Baratheon,0,Episode - 2
Renly Baratheon,174,Episode - 3
Renly Baratheon,393,Episode - 4
Renly Baratheon,904,Episode - 5
Renly Baratheon,113,Episode - 6
Renly Baratheon,533,Episode - 7
Renly Baratheon,0,Episode - 8
Renly Baratheon,0,Episode - 9
Renly Baratheon,0,Episode - 10
Renly Baratheon,0,Episode - 11
Renly Baratheon,0,Episode - 12
Renly Baratheon,621,Episode - 13
Renly Baratheon,301,Episode - 14
Renly Baratheon,352,Episode - 15
Renly Baratheon,0,Episode - 16
Renly Baratheon,0,Episode - 17
Renly Baratheon,0,Episode - 18
Renly Baratheon,0,Episode - 19
Renly Baratheon,0,Episode - 20
Renly Baratheon,0,Episode - 21
Renly Baratheon,0,Episode - 22
Renly Baratheon,0,Episode - 23
Renly Baratheon,0,Episode - 24
Renly Baratheon,0,Episode - 25
Renly Baratheon,0,Episode - 26
Renly Baratheon,0,Episode - 27
Renly Baratheon,0,Episode - 28
Renly Baratheon,0,Episode - 29
Renly Baratheon,0,Episode - 30
Renly Baratheon,0,Episode - 31
Renly Baratheon,0,Episode - 32
Renly Baratheon,0,Episode - 33
Renly Baratheon,0,Episode - 34
Renly Baratheon,0,Episode - 35
Renly Baratheon,0,Episode - 36
Renly Baratheon,0,Episode - 37
Renly Baratheon,0,Episode - 38
Renly Baratheon,0,Episode - 39
Renly Baratheon,0,Episode - 40
Renly Baratheon,0,Episode - 41
Renly Baratheon,0,Episode - 42
Renly Baratheon,0,Episode - 43
Renly Baratheon,0,Episode - 44
Renly Baratheon,0,Episode - 45
Renly Baratheon,0,Episode - 46
Renly Baratheon,0,Episode - 47
Renly Baratheon,0,Episode - 48
Renly Baratheon,0,Episode - 49
Renly Baratheon,0,Episode - 50
Renly Baratheon,0,Episode - 51
Renly Baratheon,0,Episode - 52
Renly Baratheon,0,Episode - 53
Renly Baratheon,0,Episode - 54
Renly Baratheon,0,Episode - 55
Renly Baratheon,0,Episode - 56
Renly Baratheon,0,Episode - 57
Renly Baratheon,0,Episode - 58
Renly Baratheon,0,Episode - 59
Renly Baratheon,0,Episode - 60
Renly Baratheon,0,Episode - 61
Renly Baratheon,0,Episode - 62
Renly Baratheon,0,Episode - 63
Renly Baratheon,0,Episode - 64
Renly Baratheon,0,Episode - 65
Renly Baratheon,0,Episode - 66
Renly Baratheon,0,Episode - 67
Renly Baratheon,0,Episode - 68
Renly Baratheon,0,Episode - 69
Renly Baratheon,0,Episode - 70
Renly Baratheon,0,Episode - 71
Renly Baratheon,0,Episode - 72
Renly Baratheon,0,Episode - 73
Stannis Baratheon,0,Episode - 1
Stannis Baratheon,0,Episode - 2
Stannis Baratheon,0,Episode - 3
Stannis Baratheon,0,Episode - 4
Stannis Baratheon,0,Episode - 5
Stannis Baratheon,0,Episode - 6
Stannis Baratheon,0,Episode - 7
Stannis Baratheon,0,Episode - 8
Stannis Baratheon,0,Episode - 9
Stannis Baratheon,0,Episode - 10
Stannis Baratheon,373,Episode - 11
Stannis Baratheon,234,Episode - 12
Stannis Baratheon,0,Episode - 13
Stannis Baratheon,306,Episode - 14
Stannis Baratheon,163,Episode - 15
Stannis Baratheon,0,Episode - 16
Stannis Baratheon,0,Episode - 17
Stannis Baratheon,176,Episode - 18
Stannis Baratheon,166,Episode - 19
Stannis Baratheon,214,Episode - 20
Stannis Baratheon,162,Episode - 21
Stannis Baratheon,0,Episode - 22
Stannis Baratheon,114,Episode - 23
Stannis Baratheon,0,Episode - 24
Stannis Baratheon,272,Episode - 25
Stannis Baratheon,0,Episode - 26
Stannis Baratheon,0,Episode - 27
Stannis Baratheon,391,Episode - 28
Stannis Baratheon,0,Episode - 29
Stannis Baratheon,322,Episode - 30
Stannis Baratheon,0,Episode - 31
Stannis Baratheon,179,Episode - 32
Stannis Baratheon,110,Episode - 33
Stannis Baratheon,0,Episode - 34
Stannis Baratheon,0,Episode - 35
Stannis Baratheon,355,Episode - 36
Stannis Baratheon,0,Episode - 37
Stannis Baratheon,0,Episode - 38
Stannis Baratheon,0,Episode - 39
Stannis Baratheon,234,Episode - 40
Stannis Baratheon,379,Episode - 41
Stannis Baratheon,141,Episode - 42
Stannis Baratheon,270,Episode - 43
Stannis Baratheon,279,Episode - 44
Stannis Baratheon,335,Episode - 45
Stannis Baratheon,0,Episode - 46
Stannis Baratheon,212,Episode - 47
Stannis Baratheon,0,Episode - 48
Stannis Baratheon,523,Episode - 49
Stannis Baratheon,435,Episode - 50
Stannis Baratheon,0,Episode - 51
Stannis Baratheon,0,Episode - 52
Stannis Baratheon,0,Episode - 53
Stannis Baratheon,0,Episode - 54
Stannis Baratheon,0,Episode - 55
Stannis Baratheon,0,Episode - 56
Stannis Baratheon,0,Episode - 57
Stannis Baratheon,0,Episode - 58
Stannis Baratheon,0,Episode - 59
Stannis Baratheon,0,Episode - 60
Stannis Baratheon,0,Episode - 61
Stannis Baratheon,0,Episode - 62
Stannis Baratheon,0,Episode - 63
Stannis Baratheon,0,Episode - 64
Stannis Baratheon,0,Episode - 65
Stannis Baratheon,0,Episode - 66
Stannis Baratheon,0,Episode - 67
Stannis Baratheon,0,Episode - 68
Stannis Baratheon,0,Episode - 69
Stannis Baratheon,0,Episode - 70
Stannis Baratheon,0,Episode - 71
Stannis Baratheon,0,Episode - 72
Stannis Baratheon,0,Episode - 73
Davos Seaworth,0,Episode - 1
Davos Seaworth,0,Episode - 2
Davos Seaworth,0,Episode - 3
Davos Seaworth,0,Episode - 4
Davos Seaworth,0,Episode - 5
Davos Seaworth,0,Episode - 6
Davos Seaworth,0,Episode - 7
Davos Seaworth,0,Episode - 8
Davos Seaworth,0,Episode - 9
Davos Seaworth,0,Episode - 10
Davos Seaworth,432,Episode - 11
Davos Seaworth,333,Episode - 12
Davos Seaworth,0,Episode - 13
Davos Seaworth,530,Episode - 14
Davos Seaworth,163,Episode - 15
Davos Seaworth,0,Episode - 16
Davos Seaworth,0,Episode - 17
Davos Seaworth,176,Episode - 18
Davos Seaworth,245,Episode - 19
Davos Seaworth,0,Episode - 20
Davos Seaworth,462,Episode - 21
Davos Seaworth,0,Episode - 22
Davos Seaworth,0,Episode - 23
Davos Seaworth,0,Episode - 24
Davos Seaworth,92,Episode - 25
Davos Seaworth,0,Episode - 26
Davos Seaworth,0,Episode - 27
Davos Seaworth,354,Episode - 28
Davos Seaworth,0,Episode - 29
Davos Seaworth,728,Episode - 30
Davos Seaworth,0,Episode - 31
Davos Seaworth,92,Episode - 32
Davos Seaworth,237,Episode - 33
Davos Seaworth,0,Episode - 34
Davos Seaworth,0,Episode - 35
Davos Seaworth,474,Episode - 36
Davos Seaworth,0,Episode - 37
Davos Seaworth,0,Episode - 38
Davos Seaworth,0,Episode - 39
Davos Seaworth,218,Episode - 40
Davos Seaworth,344,Episode - 41
Davos Seaworth,141,Episode - 42
Davos Seaworth,260,Episode - 43
Davos Seaworth,0,Episode - 44
Davos Seaworth,212,Episode - 45
Davos Seaworth,0,Episode - 46
Davos Seaworth,126,Episode - 47
Davos Seaworth,0,Episode - 48
Davos Seaworth,300,Episode - 49
Davos Seaworth,69,Episode - 50
Davos Seaworth,413,Episode - 51
Davos Seaworth,629,Episode - 52
Davos Seaworth,525,Episode - 53
Davos Seaworth,99,Episode - 54
Davos Seaworth,151,Episode - 55
Davos Seaworth,0,Episode - 56
Davos Seaworth,745,Episode - 57
Davos Seaworth,0,Episode - 58
Davos Seaworth,1042,Episode - 59
Davos Seaworth,497,Episode - 60
Davos Seaworth,300,Episode - 61
Davos Seaworth,330,Episode - 62
Davos Seaworth,848,Episode - 63
Davos Seaworth,450,Episode - 64
Davos Seaworth,990,Episode - 65
Davos Seaworth,53,Episode - 66
Davos Seaworth,1446,Episode - 67
Davos Seaworth,305,Episode - 68
Davos Seaworth,1006,Episode - 69
Davos Seaworth,250,Episode - 70
Davos Seaworth,699,Episode - 71
Davos Seaworth,246,Episode - 72
Davos Seaworth,1173,Episode - 73
Theon Greyjoy,1196,Episode - 1
Theon Greyjoy,109,Episode - 2
Theon Greyjoy,0,Episode - 3
Theon Greyjoy,244,Episode - 4
Theon Greyjoy,259,Episode - 5
Theon Greyjoy,366,Episode - 6
Theon Greyjoy,222,Episode - 7
Theon Greyjoy,406,Episode - 8
Theon Greyjoy,332,Episode - 9
Theon Greyjoy,136,Episode - 10
Theon Greyjoy,160,Episode - 11
Theon Greyjoy,575,Episode - 12
Theon Greyjoy,375,Episode - 13
Theon Greyjoy,0,Episode - 14
Theon Greyjoy,224,Episode - 15
Theon Greyjoy,591,Episode - 16
Theon Greyjoy,300,Episode - 17
Theon Greyjoy,274,Episode - 18
Theon Greyjoy,0,Episode - 19
Theon Greyjoy,409,Episode - 20
Theon Greyjoy,0,Episode - 21
Theon Greyjoy,165,Episode - 22
Theon Greyjoy,306,Episode - 23
Theon Greyjoy,261,Episode - 24
Theon Greyjoy,0,Episode - 25
Theon Greyjoy,332,Episode - 26
Theon Greyjoy,323,Episode - 27
Theon Greyjoy,0,Episode - 28
Theon Greyjoy,0,Episode - 29
Theon Greyjoy,218,Episode - 30
Theon Greyjoy,0,Episode - 31
Theon Greyjoy,436,Episode - 32
Theon Greyjoy,0,Episode - 33
Theon Greyjoy,0,Episode - 34
Theon Greyjoy,0,Episode - 35
Theon Greyjoy,383,Episode - 36
Theon Greyjoy,0,Episode - 37
Theon Greyjoy,371,Episode - 38
Theon Greyjoy,0,Episode - 39
Theon Greyjoy,0,Episode - 40
Theon Greyjoy,0,Episode - 41
Theon Greyjoy,0,Episode - 42
Theon Greyjoy,245,Episode - 43
Theon Greyjoy,0,Episode - 44
Theon Greyjoy,389,Episode - 45
Theon Greyjoy,442,Episode - 46
Theon Greyjoy,265,Episode - 47
Theon Greyjoy,170,Episode - 48
Theon Greyjoy,0,Episode - 49
Theon Greyjoy,124,Episode - 50
Theon Greyjoy,404,Episode - 51
Theon Greyjoy,136,Episode - 52
Theon Greyjoy,0,Episode - 53
Theon Greyjoy,186,Episode - 54
Theon Greyjoy,366,Episode - 55
Theon Greyjoy,0,Episode - 56
Theon Greyjoy,197,Episode - 57
Theon Greyjoy,0,Episode - 58
Theon Greyjoy,244,Episode - 59
Theon Greyjoy,93,Episode - 60
Theon Greyjoy,0,Episode - 61
Theon Greyjoy,513,Episode - 62
Theon Greyjoy,46,Episode - 63
Theon Greyjoy,98,Episode - 64
Theon Greyjoy,0,Episode - 65
Theon Greyjoy,0,Episode - 66
Theon Greyjoy,1896,Episode - 67
Theon Greyjoy,107,Episode - 68
Theon Greyjoy,265,Episode - 69
Theon Greyjoy,413,Episode - 70
Theon Greyjoy,103,Episode - 71
Theon Greyjoy,0,Episode - 72
Theon Greyjoy,0,Episode - 73
Joffrey Baratheon,531,Episode - 1
Joffrey Baratheon,620,Episode - 2
Joffrey Baratheon,159,Episode - 3
Joffrey Baratheon,249,Episode - 4
Joffrey Baratheon,239,Episode - 5
Joffrey Baratheon,173,Episode - 6
Joffrey Baratheon,504,Episode - 7
Joffrey Baratheon,369,Episode - 8
Joffrey Baratheon,330,Episode - 9
Joffrey Baratheon,451,Episode - 10
Joffrey Baratheon,406,Episode - 11
Joffrey Baratheon,0,Episode - 12
Joffrey Baratheon,0,Episode - 13
Joffrey Baratheon,392,Episode - 14
Joffrey Baratheon,0,Episode - 15
Joffrey Baratheon,226,Episode - 16
Joffrey Baratheon,0,Episode - 17
Joffrey Baratheon,64,Episode - 18
Joffrey Baratheon,380,Episode - 19
Joffrey Baratheon,273,Episode - 20
Joffrey Baratheon,217,Episode - 21
Joffrey Baratheon,417,Episode - 22
Joffrey Baratheon,0,Episode - 23
Joffrey Baratheon,200,Episode - 24
Joffrey Baratheon,0,Episode - 25
Joffrey Baratheon,19,Episode - 26
Joffrey Baratheon,208,Episode - 27
Joffrey Baratheon,424,Episode - 28
Joffrey Baratheon,0,Episode - 29
Joffrey Baratheon,200,Episode - 30
Joffrey Baratheon,115,Episode - 31
Joffrey Baratheon,1166,Episode - 32
Joffrey Baratheon,479,Episode - 33
Joffrey Baratheon,0,Episode - 34
Joffrey Baratheon,0,Episode - 35
Joffrey Baratheon,0,Episode - 36
Joffrey Baratheon,0,Episode - 37
Joffrey Baratheon,0,Episode - 38
Joffrey Baratheon,0,Episode - 39
Joffrey Baratheon,0,Episode - 40
Joffrey Baratheon,0,Episode - 41
Joffrey Baratheon,0,Episode - 42
Joffrey Baratheon,0,Episode - 43
Joffrey Baratheon,0,Episode - 44
Joffrey Baratheon,0,Episode - 45
Joffrey Baratheon,0,Episode - 46
Joffrey Baratheon,0,Episode - 47
Joffrey Baratheon,0,Episode - 48
Joffrey Baratheon,0,Episode - 49
Joffrey Baratheon,0,Episode - 50
Joffrey Baratheon,0,Episode - 51
Joffrey Baratheon,0,Episode - 52
Joffrey Baratheon,0,Episode - 53
Joffrey Baratheon,0,Episode - 54
Joffrey Baratheon,0,Episode - 55
Joffrey Baratheon,0,Episode - 56
Joffrey Baratheon,0,Episode - 57
Joffrey Baratheon,0,Episode - 58
Joffrey Baratheon,0,Episode - 59
Joffrey Baratheon,0,Episode - 60
Joffrey Baratheon,0,Episode - 61
Joffrey Baratheon,0,Episode - 62
Joffrey Baratheon,0,Episode - 63
Joffrey Baratheon,0,Episode - 64
Joffrey Baratheon,0,Episode - 65
Joffrey Baratheon,0,Episode - 66
Joffrey Baratheon,0,Episode - 67
Joffrey Baratheon,0,Episode - 68
Joffrey Baratheon,0,Episode - 69
Joffrey Baratheon,0,Episode - 70
Joffrey Baratheon,0,Episode - 71
Joffrey Baratheon,0,Episode - 72
Joffrey Baratheon,0,Episode - 73
Varys,0,Episode - 1
Varys,0,Episode - 2
Varys,346,Episode - 3
Varys,144,Episode - 4
Varys,672,Episode - 5
Varys,0,Episode - 6
Varys,361,Episode - 7
Varys,683,Episode - 8
Varys,571,Episode - 9
Varys,172,Episode - 10
Varys,139,Episode - 11
Varys,276,Episode - 12
Varys,152,Episode - 13
Varys,0,Episode - 14
Varys,0,Episode - 15
Varys,0,Episode - 16
Varys,0,Episode - 17
Varys,323,Episode - 18
Varys,172,Episode - 19
Varys,532,Episode - 20
Varys,0,Episode - 21
Varys,0,Episode - 22
Varys,244,Episode - 23
Varys,558,Episode - 24
Varys,0,Episode - 25
Varys,144,Episode - 26
Varys,0,Episode - 27
Varys,194,Episode - 28
Varys,0,Episode - 29
Varys,393,Episode - 30
Varys,0,Episode - 31
Varys,481,Episode - 32
Varys,0,Episode - 33
Varys,0,Episode - 34
Varys,103,Episode - 35
Varys,394,Episode - 36
Varys,0,Episode - 37
Varys,272,Episode - 38
Varys,0,Episode - 39
Varys,82,Episode - 40
Varys,366,Episode - 41
Varys,146,Episode - 42
Varys,277,Episode - 43
Varys,0,Episode - 44
Varys,0,Episode - 45
Varys,0,Episode - 46
Varys,0,Episode - 47
Varys,0,Episode - 48
Varys,0,Episode - 49
Varys,87,Episode - 50
Varys,213,Episode - 51
Varys,219,Episode - 52
Varys,294,Episode - 53
Varys,218,Episode - 54
Varys,343,Episode - 55
Varys,0,Episode - 56
Varys,0,Episode - 57
Varys,103,Episode - 58
Varys,0,Episode - 59
Varys,34,Episode - 60
Varys,225,Episode - 61
Varys,685,Episode - 62
Varys,276,Episode - 63
Varys,162,Episode - 64
Varys,318,Episode - 65
Varys,0,Episode - 66
Varys,1406,Episode - 67
Varys,355,Episode - 68
Varys,503,Episode - 69
Varys,346,Episode - 70
Varys,1607,Episode - 71
Varys,436,Episode - 72
Varys,0,Episode - 73
Qhorin Halfhand,0,Episode - 1
Qhorin Halfhand,0,Episode - 2
Qhorin Halfhand,0,Episode - 3
Qhorin Halfhand,0,Episode - 4
Qhorin Halfhand,0,Episode - 5
Qhorin Halfhand,0,Episode - 6
Qhorin Halfhand,0,Episode - 7
Qhorin Halfhand,0,Episode - 8
Qhorin Halfhand,0,Episode - 9
Qhorin Halfhand,0,Episode - 10
Qhorin Halfhand,0,Episode - 11
Qhorin Halfhand,0,Episode - 12
Qhorin Halfhand,0,Episode - 13
Qhorin Halfhand,0,Episode - 14
Qhorin Halfhand,166,Episode - 15
Qhorin Halfhand,359,Episode - 16
Qhorin Halfhand,0,Episode - 17
Qhorin Halfhand,148,Episode - 18
Qhorin Halfhand,0,Episode - 19
Qhorin Halfhand,184,Episode - 20
Qhorin Halfhand,0,Episode - 21
Qhorin Halfhand,0,Episode - 22
Qhorin Halfhand,0,Episode - 23
Qhorin Halfhand,0,Episode - 24
Qhorin Halfhand,0,Episode - 25
Qhorin Halfhand,0,Episode - 26
Qhorin Halfhand,0,Episode - 27
Qhorin Halfhand,0,Episode - 28
Qhorin Halfhand,0,Episode - 29
Qhorin Halfhand,0,Episode - 30
Qhorin Halfhand,0,Episode - 31
Qhorin Halfhand,0,Episode - 32
Qhorin Halfhand,0,Episode - 33
Qhorin Halfhand,0,Episode - 34
Qhorin Halfhand,0,Episode - 35
Qhorin Halfhand,0,Episode - 36
Qhorin Halfhand,0,Episode - 37
Qhorin Halfhand,0,Episode - 38
Qhorin Halfhand,0,Episode - 39
Qhorin Halfhand,0,Episode - 40
Qhorin Halfhand,0,Episode - 41
Qhorin Halfhand,0,Episode - 42
Qhorin Halfhand,0,Episode - 43
Qhorin Halfhand,0,Episode - 44
Qhorin Halfhand,0,Episode - 45
Qhorin Halfhand,0,Episode - 46
Qhorin Halfhand,0,Episode - 47
Qhorin Halfhand,0,Episode - 48
Qhorin Halfhand,0,Episode - 49
Qhorin Halfhand,0,Episode - 50
Qhorin Halfhand,0,Episode - 51
Qhorin Halfhand,0,Episode - 52
Qhorin Halfhand,0,Episode - 53
Qhorin Halfhand,0,Episode - 54
Qhorin Halfhand,0,Episode - 55
Qhorin Halfhand,0,Episode - 56
Qhorin Halfhand,0,Episode - 57
Qhorin Halfhand,0,Episode - 58
Qhorin Halfhand,0,Episode - 59
Qhorin Halfhand,0,Episode - 60
Qhorin Halfhand,0,Episode - 61
Qhorin Halfhand,0,Episode - 62
Qhorin Halfhand,0,Episode - 63
Qhorin Halfhand,0,Episode - 64
Qhorin Halfhand,0,Episode - 65
Qhorin Halfhand,0,Episode - 66
Qhorin Halfhand,0,Episode - 67
Qhorin Halfhand,0,Episode - 68
Qhorin Halfhand,0,Episode - 69
Qhorin Halfhand,0,Episode - 70
Qhorin Halfhand,0,Episode - 71
Qhorin Halfhand,0,Episode - 72
Qhorin Halfhand,0,Episode - 73
Arya Stark,722,Episode - 1
Arya Stark,600,Episode - 2
Arya Stark,565,Episode - 3
Arya Stark,357,Episode - 4
Arya Stark,284,Episode - 5
Arya Stark,259,Episode - 6
Arya Stark,0,Episode - 7
Arya Stark,227,Episode - 8
Arya Stark,388,Episode - 9
Arya Stark,253,Episode - 10
Arya Stark,29,Episode - 11
Arya Stark,467,Episode - 12
Arya Stark,551,Episode - 13
Arya Stark,412,Episode - 14
Arya Stark,420,Episode - 15
Arya Stark,534,Episode - 16
Arya Stark,363,Episode - 17
Arya Stark,412,Episode - 18
Arya Stark,0,Episode - 19
Arya Stark,185,Episode - 20
Arya Stark,0,Episode - 21
Arya Stark,410,Episode - 22
Arya Stark,179,Episode - 23
Arya Stark,302,Episode - 24
Arya Stark,521,Episode - 25
Arya Stark,316,Episode - 26
Arya Stark,136,Episode - 27
Arya Stark,167,Episode - 28
Arya Stark,400,Episode - 29
Arya Stark,181,Episode - 30
Arya Stark,615,Episode - 31
Arya Stark,0,Episode - 32
Arya Stark,381,Episode - 33
Arya Stark,0,Episode - 34
Arya Stark,240,Episode - 35
Arya Stark,0,Episode - 36
Arya Stark,486,Episode - 37
Arya Stark,128,Episode - 38
Arya Stark,0,Episode - 39
Arya Stark,660,Episode - 40
Arya Stark,0,Episode - 41
Arya Stark,419,Episode - 42
Arya Stark,570,Episode - 43
Arya Stark,0,Episode - 44
Arya Stark,0,Episode - 45
Arya Stark,732,Episode - 46
Arya Stark,0,Episode - 47
Arya Stark,276,Episode - 48
Arya Stark,506,Episode - 49
Arya Stark,267,Episode - 50
Arya Stark,138,Episode - 51
Arya Stark,117,Episode - 52
Arya Stark,300,Episode - 53
Arya Stark,0,Episode - 54
Arya Stark,554,Episode - 55
Arya Stark,396,Episode - 56
Arya Stark,142,Episode - 57
Arya Stark,594,Episode - 58
Arya Stark,0,Episode - 59
Arya Stark,53,Episode - 60
Arya Stark,291,Episode - 61
Arya Stark,382,Episode - 62
Arya Stark,0,Episode - 63
Arya Stark,684,Episode - 64
Arya Stark,409,Episode - 65
Arya Stark,523,Episode - 66
Arya Stark,455,Episode - 67
Arya Stark,292,Episode - 68
Arya Stark,676,Episode - 69
Arya Stark,762,Episode - 70
Arya Stark,750,Episode - 71
Arya Stark,754,Episode - 72
Arya Stark,1123,Episode - 73
Sansa Stark,773,Episode - 1
Sansa Stark,523,Episode - 2
Sansa Stark,136,Episode - 3
Sansa Stark,352,Episode - 4
Sansa Stark,239,Episode - 5
Sansa Stark,320,Episode - 6
Sansa Stark,0,Episode - 7
Sansa Stark,564,Episode - 8
Sansa Stark,330,Episode - 9
Sansa Stark,371,Episode - 10
Sansa Stark,261,Episode - 11
Sansa Stark,0,Episode - 12
Sansa Stark,221,Episode - 13
Sansa Stark,172,Episode - 14
Sansa Stark,0,Episode - 15
Sansa Stark,288,Episode - 16
Sansa Stark,305,Episode - 17
Sansa Stark,0,Episode - 18
Sansa Stark,860,Episode - 19
Sansa Stark,348,Episode - 20
Sansa Stark,221,Episode - 21
Sansa Stark,412,Episode - 22
Sansa Stark,0,Episode - 23
Sansa Stark,168,Episode - 24
Sansa Stark,147,Episode - 25
Sansa Stark,220,Episode - 26
Sansa Stark,189,Episode - 27
Sansa Stark,866,Episode - 28
Sansa Stark,0,Episode - 29
Sansa Stark,146,Episode - 30
Sansa Stark,314,Episode - 31
Sansa Stark,1030,Episode - 32
Sansa Stark,233,Episode - 33
Sansa Stark,182,Episode - 34
Sansa Stark,494,Episode - 35
Sansa Stark,0,Episode - 36
Sansa Stark,498,Episode - 37
Sansa Stark,379,Episode - 38
Sansa Stark,0,Episode - 39
Sansa Stark,0,Episode - 40
Sansa Stark,120,Episode - 41
Sansa Stark,259,Episode - 42
Sansa Stark,302,Episode - 43
Sansa Stark,316,Episode - 44
Sansa Stark,544,Episode - 45
Sansa Stark,652,Episode - 46
Sansa Stark,355,Episode - 47
Sansa Stark,170,Episode - 48
Sansa Stark,0,Episode - 49
Sansa Stark,201,Episode - 50
Sansa Stark,404,Episode - 51
Sansa Stark,176,Episode - 52
Sansa Stark,0,Episode - 53
Sansa Stark,486,Episode - 54
Sansa Stark,565,Episode - 55
Sansa Stark,0,Episode - 56
Sansa Stark,786,Episode - 57
Sansa Stark,0,Episode - 58
Sansa Stark,847,Episode - 59
Sansa Stark,584,Episode - 60
Sansa Stark,555,Episode - 61
Sansa Stark,351,Episode - 62
Sansa Stark,321,Episode - 63
Sansa Stark,530,Episode - 64
Sansa Stark,178,Episode - 65
Sansa Stark,809,Episode - 66
Sansa Stark,692,Episode - 67
Sansa Stark,527,Episode - 68
Sansa Stark,784,Episode - 69
Sansa Stark,490,Episode - 70
Sansa Stark,1141,Episode - 71
Sansa Stark,0,Episode - 72
Sansa Stark,998,Episode - 73
Jon Snow,1099,Episode - 1
Jon Snow,839,Episode - 2
Jon Snow,616,Episode - 3
Jon Snow,867,Episode - 4
Jon Snow,0,Episode - 5
Jon Snow,0,Episode - 6
Jon Snow,661,Episode - 7
Jon Snow,444,Episode - 8
Jon Snow,454,Episode - 9
Jon Snow,343,Episode - 10
Jon Snow,374,Episode - 11
Jon Snow,255,Episode - 12
Jon Snow,151,Episode - 13
Jon Snow,0,Episode - 14
Jon Snow,326,Episode - 15
Jon Snow,706,Episode - 16
Jon Snow,463,Episode - 17
Jon Snow,159,Episode - 18
Jon Snow,0,Episode - 19
Jon Snow,224,Episode - 20
Jon Snow,435,Episode - 21
Jon Snow,160,Episode - 22
Jon Snow,136,Episode - 23
Jon Snow,0,Episode - 24
Jon Snow,379,Episode - 25
Jon Snow,645,Episode - 26
Jon Snow,394,Episode - 27
Jon Snow,0,Episode - 28
Jon Snow,311,Episode - 29
Jon Snow,160,Episode - 30
Jon Snow,214,Episode - 31
Jon Snow,0,Episode - 32
Jon Snow,162,Episode - 33
Jon Snow,520,Episode - 34
Jon Snow,441,Episode - 35
Jon Snow,0,Episode - 36
Jon Snow,170,Episode - 37
Jon Snow,111,Episode - 38
Jon Snow,1257,Episode - 39
Jon Snow,943,Episode - 40
Jon Snow,817,Episode - 41
Jon Snow,484,Episode - 42
Jon Snow,552,Episode - 43
Jon Snow,307,Episode - 44
Jon Snow,610,Episode - 45
Jon Snow,0,Episode - 46
Jon Snow,135,Episode - 47
Jon Snow,1449,Episode - 48
Jon Snow,171,Episode - 49
Jon Snow,541,Episode - 50
Jon Snow,472,Episode - 51
Jon Snow,455,Episode - 52
Jon Snow,617,Episode - 53
Jon Snow,521,Episode - 54
Jon Snow,240,Episode - 55
Jon Snow,0,Episode - 56
Jon Snow,745,Episode - 57
Jon Snow,0,Episode - 58
Jon Snow,1788,Episode - 59
Jon Snow,689,Episode - 60
Jon Snow,462,Episode - 61
Jon Snow,496,Episode - 62
Jon Snow,1193,Episode - 63
Jon Snow,654,Episode - 64
Jon Snow,924,Episode - 65
Jon Snow,2225,Episode - 66
Jon Snow,1886,Episode - 67
Jon Snow,1174,Episode - 68
Jon Snow,904,Episode - 69
Jon Snow,731,Episode - 70
Jon Snow,1373,Episode - 71
Jon Snow,805,Episode - 72
Jon Snow,2526,Episode - 73
Robert Baratheon,771,Episode - 1
Robert Baratheon,448,Episode - 2
Robert Baratheon,272,Episode - 3
Robert Baratheon,249,Episode - 4
Robert Baratheon,986,Episode - 5
Robert Baratheon,382,Episode - 6
Robert Baratheon,315,Episode - 7
Robert Baratheon,0,Episode - 8
Robert Baratheon,0,Episode - 9
Robert Baratheon,0,Episode - 10
Robert Baratheon,0,Episode - 11
Robert Baratheon,0,Episode - 12
Robert Baratheon,0,Episode - 13
Robert Baratheon,0,Episode - 14
Robert Baratheon,0,Episode - 15
Robert Baratheon,0,Episode - 16
Robert Baratheon,0,Episode - 17
Robert Baratheon,0,Episode - 18
Robert Baratheon,0,Episode - 19
Robert Baratheon,0,Episode - 20
Robert Baratheon,0,Episode - 21
Robert Baratheon,0,Episode - 22
Robert Baratheon,0,Episode - 23
Robert Baratheon,0,Episode - 24
Robert Baratheon,0,Episode - 25
Robert Baratheon,0,Episode - 26
Robert Baratheon,0,Episode - 27
Robert Baratheon,0,Episode - 28
Robert Baratheon,0,Episode - 29
Robert Baratheon,0,Episode - 30
Robert Baratheon,0,Episode - 31
Robert Baratheon,0,Episode - 32
Robert Baratheon,0,Episode - 33
Robert Baratheon,0,Episode - 34
Robert Baratheon,0,Episode - 35
Robert Baratheon,0,Episode - 36
Robert Baratheon,0,Episode - 37
Robert Baratheon,0,Episode - 38
Robert Baratheon,0,Episode - 39
Robert Baratheon,0,Episode - 40
Robert Baratheon,0,Episode - 41
Robert Baratheon,0,Episode - 42
Robert Baratheon,0,Episode - 43
Robert Baratheon,0,Episode - 44
Robert Baratheon,0,Episode - 45
Robert Baratheon,0,Episode - 46
Robert Baratheon,0,Episode - 47
Robert Baratheon,0,Episode - 48
Robert Baratheon,0,Episode - 49
Robert Baratheon,0,Episode - 50
Robert Baratheon,0,Episode - 51
Robert Baratheon,0,Episode - 52
Robert Baratheon,0,Episode - 53
Robert Baratheon,0,Episode - 54
Robert Baratheon,0,Episode - 55
Robert Baratheon,0,Episode - 56
Robert Baratheon,0,Episode - 57
Robert Baratheon,0,Episode - 58
Robert Baratheon,0,Episode - 59
Robert Baratheon,0,Episode - 60
Robert Baratheon,0,Episode - 61
Robert Baratheon,0,Episode - 62
Robert Baratheon,0,Episode - 63
Robert Baratheon,0,Episode - 64
Robert Baratheon,0,Episode - 65
Robert Baratheon,0,Episode - 66
Robert Baratheon,0,Episode - 67
Robert Baratheon,0,Episode - 68
Robert Baratheon,0,Episode - 69
Robert Baratheon,0,Episode - 70
Robert Baratheon,0,Episode - 71
Robert Baratheon,0,Episode - 72
Robert Baratheon,0,Episode - 73
Petyr Baelish,0,Episode - 1
Petyr Baelish,0,Episode - 2
Petyr Baelish,467,Episode - 3
Petyr Baelish,501,Episode - 4
Petyr Baelish,966,Episode - 5
Petyr Baelish,245,Episode - 6
Petyr Baelish,778,Episode - 7
Petyr Baelish,501,Episode - 8
Petyr Baelish,330,Episode - 9
Petyr Baelish,126,Episode - 10
Petyr Baelish,304,Episode - 11
Petyr Baelish,390,Episode - 12
Petyr Baelish,191,Episode - 13
Petyr Baelish,449,Episode - 14
Petyr Baelish,166,Episode - 15
Petyr Baelish,178,Episode - 16
Petyr Baelish,0,Episode - 17
Petyr Baelish,0,Episode - 18
Petyr Baelish,0,Episode - 19
Petyr Baelish,348,Episode - 20
Petyr Baelish,158,Episode - 21
Petyr Baelish,0,Episode - 22
Petyr Baelish,371,Episode - 23
Petyr Baelish,0,Episode - 24
Petyr Baelish,169,Episode - 25
Petyr Baelish,144,Episode - 26
Petyr Baelish,0,Episode - 27
Petyr Baelish,0,Episode - 28
Petyr Baelish,0,Episode - 29
Petyr Baelish,0,Episode - 30
Petyr Baelish,0,Episode - 31
Petyr Baelish,0,Episode - 32
Petyr Baelish,136,Episode - 33
Petyr Baelish,182,Episode - 34
Petyr Baelish,402,Episode - 35
Petyr Baelish,0,Episode - 36
Petyr Baelish,219,Episode - 37
Petyr Baelish,644,Episode - 38
Petyr Baelish,0,Episode - 39
Petyr Baelish,0,Episode - 40
Petyr Baelish,120,Episode - 41
Petyr Baelish,259,Episode - 42
Petyr Baelish,427,Episode - 43
Petyr Baelish,270,Episode - 44
Petyr Baelish,0,Episode - 45
Petyr Baelish,306,Episode - 46
Petyr Baelish,139,Episode - 47
Petyr Baelish,0,Episode - 48
Petyr Baelish,0,Episode - 49
Petyr Baelish,0,Episode - 50
Petyr Baelish,0,Episode - 51
Petyr Baelish,0,Episode - 52
Petyr Baelish,0,Episode - 53
Petyr Baelish,194,Episode - 54
Petyr Baelish,254,Episode - 55
Petyr Baelish,0,Episode - 56
Petyr Baelish,0,Episode - 57
Petyr Baelish,0,Episode - 58
Petyr Baelish,51,Episode - 59
Petyr Baelish,443,Episode - 60
Petyr Baelish,393,Episode - 61
Petyr Baelish,357,Episode - 62
Petyr Baelish,157,Episode - 63
Petyr Baelish,292,Episode - 64
Petyr Baelish,146,Episode - 65
Petyr Baelish,117,Episode - 66
Petyr Baelish,549,Episode - 67
Petyr Baelish,0,Episode - 68
Petyr Baelish,0,Episode - 69
Petyr Baelish,0,Episode - 70
Petyr Baelish,0,Episode - 71
Petyr Baelish,0,Episode - 72
Petyr Baelish,0,Episode - 73
Samwell Tarly,0,Episode - 1
Samwell Tarly,0,Episode - 2
Samwell Tarly,0,Episode - 3
Samwell Tarly,780,Episode - 4
Samwell Tarly,0,Episode - 5
Samwell Tarly,0,Episode - 6
Samwell Tarly,661,Episode - 7
Samwell Tarly,214,Episode - 8
Samwell Tarly,83,Episode - 9
Samwell Tarly,180,Episode - 10
Samwell Tarly,103,Episode - 11
Samwell Tarly,258,Episode - 12
Samwell Tarly,203,Episode - 13
Samwell Tarly,0,Episode - 14
Samwell Tarly,326,Episode - 15
Samwell Tarly,0,Episode - 16
Samwell Tarly,0,Episode - 17
Samwell Tarly,143,Episode - 18
Samwell Tarly,0,Episode - 19
Samwell Tarly,192,Episode - 20
Samwell Tarly,180,Episode - 21
Samwell Tarly,160,Episode - 22
Samwell Tarly,208,Episode - 23
Samwell Tarly,348,Episode - 24
Samwell Tarly,0,Episode - 25
Samwell Tarly,199,Episode - 26
Samwell Tarly,0,Episode - 27
Samwell Tarly,425,Episode - 28
Samwell Tarly,98,Episode - 29
Samwell Tarly,456,Episode - 30
Samwell Tarly,88,Episode - 31
Samwell Tarly,0,Episode - 32
Samwell Tarly,365,Episode - 33
Samwell Tarly,89,Episode - 34
Samwell Tarly,0,Episode - 35
Samwell Tarly,0,Episode - 36
Samwell Tarly,170,Episode - 37
Samwell Tarly,111,Episode - 38
Samwell Tarly,1388,Episode - 39
Samwell Tarly,62,Episode - 40
Samwell Tarly,348,Episode - 41
Samwell Tarly,495,Episode - 42
Samwell Tarly,286,Episode - 43
Samwell Tarly,93,Episode - 44
Samwell Tarly,414,Episode - 45
Samwell Tarly,0,Episode - 46
Samwell Tarly,598,Episode - 47
Samwell Tarly,182,Episode - 48
Samwell Tarly,74,Episode - 49
Samwell Tarly,252,Episode - 50
Samwell Tarly,0,Episode - 51
Samwell Tarly,0,Episode - 52
Samwell Tarly,229,Episode - 53
Samwell Tarly,0,Episode - 54
Samwell Tarly,0,Episode - 55
Samwell Tarly,792,Episode - 56
Samwell Tarly,0,Episode - 57
Samwell Tarly,0,Episode - 58
Samwell Tarly,0,Episode - 59
Samwell Tarly,247,Episode - 60
Samwell Tarly,559,Episode - 61
Samwell Tarly,420,Episode - 62
Samwell Tarly,255,Episode - 63
Samwell Tarly,0,Episode - 64
Samwell Tarly,365,Episode - 65
Samwell Tarly,0,Episode - 66
Samwell Tarly,148,Episode - 67
Samwell Tarly,427,Episode - 68
Samwell Tarly,528,Episode - 69
Samwell Tarly,376,Episode - 70
Samwell Tarly,539,Episode - 71
Samwell Tarly,0,Episode - 72
Samwell Tarly,1001,Episode - 73
Brienne of Tarth,0,Episode - 1
Brienne of Tarth,0,Episode - 2
Brienne of Tarth,0,Episode - 3
Brienne of Tarth,0,Episode - 4
Brienne of Tarth,0,Episode - 5
Brienne of Tarth,0,Episode - 6
Brienne of Tarth,0,Episode - 7
Brienne of Tarth,0,Episode - 8
Brienne of Tarth,0,Episode - 9
Brienne of Tarth,0,Episode - 10
Brienne of Tarth,0,Episode - 11
Brienne of Tarth,0,Episode - 12
Brienne of Tarth,329,Episode - 13
Brienne of Tarth,301,Episode - 14
Brienne of Tarth,391,Episode - 15
Brienne of Tarth,80,Episode - 16
Brienne of Tarth,327,Episode - 17
Brienne of Tarth,143,Episode - 18
Brienne of Tarth,0,Episode - 19
Brienne of Tarth,298,Episode - 20
Brienne of Tarth,0,Episode - 21
Brienne of Tarth,471,Episode - 22
Brienne of Tarth,250,Episode - 23
Brienne of Tarth,300,Episode - 24
Brienne of Tarth,514,Episode - 25
Brienne of Tarth,138,Episode - 26
Brienne of Tarth,300,Episode - 27
Brienne of Tarth,0,Episode - 28
Brienne of Tarth,0,Episode - 29
Brienne of Tarth,36,Episode - 30
Brienne of Tarth,137,Episode - 31
Brienne of Tarth,115,Episode - 32
Brienne of Tarth,0,Episode - 33
Brienne of Tarth,266,Episode - 34
Brienne of Tarth,249,Episode - 35
Brienne of Tarth,0,Episode - 36
Brienne of Tarth,315,Episode - 37
Brienne of Tarth,0,Episode - 38
Brienne of Tarth,0,Episode - 39
Brienne of Tarth,454,Episode - 40
Brienne of Tarth,92,Episode - 41
Brienne of Tarth,458,Episode - 42
Brienne of Tarth,339,Episode - 43
Brienne of Tarth,0,Episode - 44
Brienne of Tarth,126,Episode - 45
Brienne of Tarth,0,Episode - 46
Brienne of Tarth,8,Episode - 47
Brienne of Tarth,0,Episode - 48
Brienne of Tarth,0,Episode - 49
Brienne of Tarth,140,Episode - 50
Brienne of Tarth,200,Episode - 51
Brienne of Tarth,176,Episode - 52
Brienne of Tarth,0,Episode - 53
Brienne of Tarth,356,Episode - 54
Brienne of Tarth,532,Episode - 55
Brienne of Tarth,0,Episode - 56
Brienne of Tarth,0,Episode - 57
Brienne of Tarth,485,Episode - 58
Brienne of Tarth,0,Episode - 59
Brienne of Tarth,0,Episode - 60
Brienne of Tarth,390,Episode - 61
Brienne of Tarth,237,Episode - 62
Brienne of Tarth,0,Episode - 63
Brienne of Tarth,243,Episode - 64
Brienne of Tarth,0,Episode - 65
Brienne of Tarth,105,Episode - 66
Brienne of Tarth,1338,Episode - 67
Brienne of Tarth,231,Episode - 68
Brienne of Tarth,1060,Episode - 69
Brienne of Tarth,326,Episode - 70
Brienne of Tarth,1153,Episode - 71
Brienne of Tarth,0,Episode - 72
Brienne of Tarth,1047,Episode - 73
Qyburn,0,Episode - 1
Qyburn,0,Episode - 2
Qyburn,0,Episode - 3
Qyburn,0,Episode - 4
Qyburn,0,Episode - 5
Qyburn,0,Episode - 6
Qyburn,0,Episode - 7
Qyburn,0,Episode - 8
Qyburn,0,Episode - 9
Qyburn,0,Episode - 10
Qyburn,0,Episode - 11
Qyburn,0,Episode - 12
Qyburn,0,Episode - 13
Qyburn,0,Episode - 14
Qyburn,0,Episode - 15
Qyburn,0,Episode - 16
Qyburn,0,Episode - 17
Qyburn,0,Episode - 18
Qyburn,0,Episode - 19
Qyburn,0,Episode - 20
Qyburn,105,Episode - 21
Qyburn,0,Episode - 22
Qyburn,0,Episode - 23
Qyburn,0,Episode - 24
Qyburn,99,Episode - 25
Qyburn,0,Episode - 26
Qyburn,455,Episode - 27
Qyburn,0,Episode - 28
Qyburn,0,Episode - 29
Qyburn,36,Episode - 30
Qyburn,65,Episode - 31
Qyburn,0,Episode - 32
Qyburn,0,Episode - 33
Qyburn,0,Episode - 34
Qyburn,0,Episode - 35
Qyburn,0,Episode - 36
Qyburn,0,Episode - 37
Qyburn,0,Episode - 38
Qyburn,0,Episode - 39
Qyburn,128,Episode - 40
Qyburn,0,Episode - 41
Qyburn,213,Episode - 42
Qyburn,151,Episode - 43
Qyburn,94,Episode - 44
Qyburn,0,Episode - 45
Qyburn,0,Episode - 46
Qyburn,0,Episode - 47
Qyburn,167,Episode - 48
Qyburn,0,Episode - 49
Qyburn,70,Episode - 50
Qyburn,0,Episode - 51
Qyburn,0,Episode - 52
Qyburn,164,Episode - 53
Qyburn,0,Episode - 54
Qyburn,0,Episode - 55
Qyburn,0,Episode - 56
Qyburn,0,Episode - 57
Qyburn,352,Episode - 58
Qyburn,0,Episode - 59
Qyburn,285,Episode - 60
Qyburn,237,Episode - 61
Qyburn,205,Episode - 62
Qyburn,433,Episode - 63
Qyburn,0,Episode - 64
Qyburn,27,Episode - 65
Qyburn,0,Episode - 66
Qyburn,939,Episode - 67
Qyburn,318,Episode - 68
Qyburn,0,Episode - 69
Qyburn,0,Episode - 70
Qyburn,467,Episode - 71
Qyburn,233,Episode - 72
Qyburn,0,Episode - 73
Arianne Martell,0,Episode - 1
Arianne Martell,0,Episode - 2
Arianne Martell,0,Episode - 3
Arianne Martell,0,Episode - 4
Arianne Martell,0,Episode - 5
Arianne Martell,0,Episode - 6
Arianne Martell,0,Episode - 7
Arianne Martell,0,Episode - 8
Arianne Martell,0,Episode - 9
Arianne Martell,0,Episode - 10
Arianne Martell,0,Episode - 11
Arianne Martell,0,Episode - 12
Arianne Martell,0,Episode - 13
Arianne Martell,0,Episode - 14
Arianne Martell,0,Episode - 15
Arianne Martell,0,Episode - 16
Arianne Martell,0,Episode - 17
Arianne Martell,0,Episode - 18
Arianne Martell,0,Episode - 19
Arianne Martell,0,Episode - 20
Arianne Martell,0,Episode - 21
Arianne Martell,0,Episode - 22
Arianne Martell,0,Episode - 23
Arianne Martell,0,Episode - 24
Arianne Martell,0,Episode - 25
Arianne Martell,0,Episode - 26
Arianne Martell,0,Episode - 27
Arianne Martell,0,Episode - 28
Arianne Martell,0,Episode - 29
Arianne Martell,0,Episode - 30
Arianne Martell,0,Episode - 31
Arianne Martell,0,Episode - 32
Arianne Martell,0,Episode - 33
Arianne Martell,0,Episode - 34
Arianne Martell,0,Episode - 35
Arianne Martell,0,Episode - 36
Arianne Martell,0,Episode - 37
Arianne Martell,0,Episode - 38
Arianne Martell,0,Episode - 39
Arianne Martell,0,Episode - 40
Arianne Martell,0,Episode - 41
Arianne Martell,0,Episode - 42
Arianne Martell,0,Episode - 43
Arianne Martell,0,Episode - 44
Arianne Martell,0,Episode - 45
Arianne Martell,0,Episode - 46
Arianne Martell,0,Episode - 47
Arianne Martell,0,Episode - 48
Arianne Martell,0,Episode - 49
Arianne Martell,0,Episode - 50
Arianne Martell,0,Episode - 51
Arianne Martell,0,Episode - 52
Arianne Martell,0,Episode - 53
Arianne Martell,0,Episode - 54
Arianne Martell,0,Episode - 55
Arianne Martell,0,Episode - 56
Arianne Martell,0,Episode - 57
Arianne Martell,0,Episode - 58
Arianne Martell,0,Episode - 59
Arianne Martell,0,Episode - 60
Arianne Martell,0,Episode - 61
Arianne Martell,0,Episode - 62
Arianne Martell,0,Episode - 63
Arianne Martell,0,Episode - 64
Arianne Martell,0,Episode - 65
Arianne Martell,0,Episode - 66
Arianne Martell,0,Episode - 67
Arianne Martell,0,Episode - 68
Arianne Martell,0,Episode - 69
Arianne Martell,0,Episode - 70
Arianne Martell,0,Episode - 71
Arianne Martell,0,Episode - 72
Arianne Martell,0,Episode - 73
Tommen Baratheon,337,Episode - 1
Tommen Baratheon,133,Episode - 2
Tommen Baratheon,0,Episode - 3
Tommen Baratheon,249,Episode - 4
Tommen Baratheon,239,Episode - 5
Tommen Baratheon,0,Episode - 6
Tommen Baratheon,0,Episode - 7
Tommen Baratheon,0,Episode - 8
Tommen Baratheon,0,Episode - 9
Tommen Baratheon,0,Episode - 10
Tommen Baratheon,222,Episode - 11
Tommen Baratheon,0,Episode - 12
Tommen Baratheon,88,Episode - 13
Tommen Baratheon,0,Episode - 14
Tommen Baratheon,0,Episode - 15
Tommen Baratheon,118,Episode - 16
Tommen Baratheon,0,Episode - 17
Tommen Baratheon,0,Episode - 18
Tommen Baratheon,296,Episode - 19
Tommen Baratheon,0,Episode - 20
Tommen Baratheon,0,Episode - 21
Tommen Baratheon,0,Episode - 22
Tommen Baratheon,0,Episode - 23
Tommen Baratheon,0,Episode - 24
Tommen Baratheon,0,Episode - 25
Tommen Baratheon,0,Episode - 26
Tommen Baratheon,0,Episode - 27
Tommen Baratheon,0,Episode - 28
Tommen Baratheon,0,Episode - 29
Tommen Baratheon,0,Episode - 30
Tommen Baratheon,0,Episode - 31
Tommen Baratheon,924,Episode - 32
Tommen Baratheon,270,Episode - 33
Tommen Baratheon,216,Episode - 34
Tommen Baratheon,164,Episode - 35
Tommen Baratheon,112,Episode - 36
Tommen Baratheon,0,Episode - 37
Tommen Baratheon,0,Episode - 38
Tommen Baratheon,0,Episode - 39
Tommen Baratheon,0,Episode - 40
Tommen Baratheon,33,Episode - 41
Tommen Baratheon,0,Episode - 42
Tommen Baratheon,281,Episode - 43
Tommen Baratheon,240,Episode - 44
Tommen Baratheon,0,Episode - 45
Tommen Baratheon,268,Episode - 46
Tommen Baratheon,190,Episode - 47
Tommen Baratheon,0,Episode - 48
Tommen Baratheon,0,Episode - 49
Tommen Baratheon,0,Episode - 50
Tommen Baratheon,0,Episode - 51
Tommen Baratheon,254,Episode - 52
Tommen Baratheon,228,Episode - 53
Tommen Baratheon,196,Episode - 54
Tommen Baratheon,0,Episode - 55
Tommen Baratheon,405,Episode - 56
Tommen Baratheon,0,Episode - 57
Tommen Baratheon,163,Episode - 58
Tommen Baratheon,0,Episode - 59
Tommen Baratheon,229,Episode - 60
Tommen Baratheon,0,Episode - 61
Tommen Baratheon,0,Episode - 62
Tommen Baratheon,0,Episode - 63
Tommen Baratheon,0,Episode - 64
Tommen Baratheon,0,Episode - 65
Tommen Baratheon,0,Episode - 66
Tommen Baratheon,0,Episode - 67
Tommen Baratheon,0,Episode - 68
Tommen Baratheon,0,Episode - 69
Tommen Baratheon,0,Episode - 70
Tommen Baratheon,0,Episode - 71
Tommen Baratheon,0,Episode - 72
Tommen Baratheon,0,Episode - 73
Jaime Lannister,893,Episode - 1
Jaime Lannister,235,Episode - 2
Jaime Lannister,496,Episode - 3
Jaime Lannister,117,Episode - 4
Jaime Lannister,193,Episode - 5
Jaime Lannister,0,Episode - 6
Jaime Lannister,283,Episode - 7
Jaime Lannister,0,Episode - 8
Jaime Lannister,123,Episode - 9
Jaime Lannister,183,Episode - 10
Jaime Lannister,208,Episode - 11
Jaime Lannister,0,Episode - 12
Jaime Lannister,0,Episode - 13
Jaime Lannister,0,Episode - 14
Jaime Lannister,0,Episode - 15
Jaime Lannister,0,Episode - 16
Jaime Lannister,714,Episode - 17
Jaime Lannister,143,Episode - 18
Jaime Lannister,0,Episode - 19
Jaime Lannister,298,Episode - 20
Jaime Lannister,0,Episode - 21
Jaime Lannister,471,Episode - 22
Jaime Lannister,437,Episode - 23
Jaime Lannister,300,Episode - 24
Jaime Lannister,613,Episode - 25
Jaime Lannister,138,Episode - 26
Jaime Lannister,634,Episode - 27
Jaime Lannister,0,Episode - 28
Jaime Lannister,0,Episode - 29
Jaime Lannister,81,Episode - 30
Jaime Lannister,561,Episode - 31
Jaime Lannister,524,Episode - 32
Jaime Lannister,226,Episode - 33
Jaime Lannister,713,Episode - 34
Jaime Lannister,72,Episode - 35
Jaime Lannister,1148,Episode - 36
Jaime Lannister,182,Episode - 37
Jaime Lannister,645,Episode - 38
Jaime Lannister,0,Episode - 39
Jaime Lannister,198,Episode - 40
Jaime Lannister,136,Episode - 41
Jaime Lannister,229,Episode - 42
Jaime Lannister,0,Episode - 43
Jaime Lannister,558,Episode - 44
Jaime Lannister,0,Episode - 45
Jaime Lannister,264,Episode - 46
Jaime Lannister,77,Episode - 47
Jaime Lannister,0,Episode - 48
Jaime Lannister,373,Episode - 49
Jaime Lannister,252,Episode - 50
Jaime Lannister,221,Episode - 51
Jaime Lannister,284,Episode - 52
Jaime Lannister,230,Episode - 53
Jaime Lannister,156,Episode - 54
Jaime Lannister,0,Episode - 55
Jaime Lannister,499,Episode - 56
Jaime Lannister,502,Episode - 57
Jaime Lannister,690,Episode - 58
Jaime Lannister,0,Episode - 59
Jaime Lannister,366,Episode - 60
Jaime Lannister,526,Episode - 61
Jaime Lannister,231,Episode - 62
Jaime Lannister,646,Episode - 63
Jaime Lannister,637,Episode - 64
Jaime Lannister,589,Episode - 65
Jaime Lannister,0,Episode - 66
Jaime Lannister,1445,Episode - 67
Jaime Lannister,74,Episode - 68
Jaime Lannister,1386,Episode - 69
Jaime Lannister,356,Episode - 70
Jaime Lannister,1175,Episode - 71
Jaime Lannister,814,Episode - 72
Jaime Lannister,130,Episode - 73
Margaery Tyrell,0,Episode - 1
Margaery Tyrell,0,Episode - 2
Margaery Tyrell,0,Episode - 3
Margaery Tyrell,0,Episode - 4
Margaery Tyrell,0,Episode - 5
Margaery Tyrell,0,Episode - 6
Margaery Tyrell,0,Episode - 7
Margaery Tyrell,0,Episode - 8
Margaery Tyrell,0,Episode - 9
Margaery Tyrell,0,Episode - 10
Margaery Tyrell,0,Episode - 11
Margaery Tyrell,0,Episode - 12
Margaery Tyrell,441,Episode - 13
Margaery Tyrell,113,Episode - 14
Margaery Tyrell,149,Episode - 15
Margaery Tyrell,0,Episode - 16
Margaery Tyrell,0,Episode - 17
Margaery Tyrell,0,Episode - 18
Margaery Tyrell,0,Episode - 19
Margaery Tyrell,273,Episode - 20
Margaery Tyrell,296,Episode - 21
Margaery Tyrell,588,Episode - 22
Margaery Tyrell,0,Episode - 23
Margaery Tyrell,368,Episode - 24
Margaery Tyrell,46,Episode - 25
Margaery Tyrell,0,Episode - 26
Margaery Tyrell,189,Episode - 27
Margaery Tyrell,474,Episode - 28
Margaery Tyrell,0,Episode - 29
Margaery Tyrell,0,Episode - 30
Margaery Tyrell,126,Episode - 31
Margaery Tyrell,914,Episode - 32
Margaery Tyrell,99,Episode - 33
Margaery Tyrell,322,Episode - 34
Margaery Tyrell,285,Episode - 35
Margaery Tyrell,747,Episode - 36
Margaery Tyrell,0,Episode - 37
Margaery Tyrell,0,Episode - 38
Margaery Tyrell,0,Episode - 39
Margaery Tyrell,0,Episode - 40
Margaery Tyrell,201,Episode - 41
Margaery Tyrell,0,Episode - 42
Margaery Tyrell,323,Episode - 43
Margaery Tyrell,117,Episode - 44
Margaery Tyrell,0,Episode - 45
Margaery Tyrell,301,Episode - 46
Margaery Tyrell,149,Episode - 47
Margaery Tyrell,0,Episode - 48
Margaery Tyrell,0,Episode - 49
Margaery Tyrell,0,Episode - 50
Margaery Tyrell,124,Episode - 51
Margaery Tyrell,0,Episode - 52
Margaery Tyrell,0,Episode - 53
Margaery Tyrell,396,Episode - 54
Margaery Tyrell,0,Episode - 55
Margaery Tyrell,456,Episode - 56
Margaery Tyrell,306,Episode - 57
Margaery Tyrell,0,Episode - 58
Margaery Tyrell,0,Episode - 59
Margaery Tyrell,495,Episode - 60
Margaery Tyrell,0,Episode - 61
Margaery Tyrell,0,Episode - 62
Margaery Tyrell,0,Episode - 63
Margaery Tyrell,0,Episode - 64
Margaery Tyrell,0,Episode - 65
Margaery Tyrell,0,Episode - 66
Margaery Tyrell,0,Episode - 67
Margaery Tyrell,0,Episode - 68
Margaery Tyrell,0,Episode - 69
Margaery Tyrell,0,Episode - 70
Margaery Tyrell,0,Episode - 71
Margaery Tyrell,0,Episode - 72
Margaery Tyrell,0,Episode - 73
Tywin Lannister,0,Episode - 1
Tywin Lannister,0,Episode - 2
Tywin Lannister,0,Episode - 3
Tywin Lannister,0,Episode - 4
Tywin Lannister,0,Episode - 5
Tywin Lannister,0,Episode - 6
Tywin Lannister,283,Episode - 7
Tywin Lannister,198,Episode - 8
Tywin Lannister,207,Episode - 9
Tywin Lannister,194,Episode - 10
Tywin Lannister,0,Episode - 11
Tywin Lannister,0,Episode - 12
Tywin Lannister,0,Episode - 13
Tywin Lannister,95,Episode - 14
Tywin Lannister,190,Episode - 15
Tywin Lannister,436,Episode - 16
Tywin Lannister,363,Episode - 17
Tywin Lannister,112,Episode - 18
Tywin Lannister,19,Episode - 19
Tywin Lannister,63,Episode - 20
Tywin Lannister,297,Episode - 21
Tywin Lannister,0,Episode - 22
Tywin Lannister,244,Episode - 23
Tywin Lannister,167,Episode - 24
Tywin Lannister,218,Episode - 25
Tywin Lannister,225,Episode - 26
Tywin Lannister,208,Episode - 27
Tywin Lannister,435,Episode - 28
Tywin Lannister,0,Episode - 29
Tywin Lannister,424,Episode - 30
Tywin Lannister,273,Episode - 31
Tywin Lannister,1023,Episode - 32
Tywin Lannister,535,Episode - 33
Tywin Lannister,0,Episode - 34
Tywin Lannister,371,Episode - 35
Tywin Lannister,1248,Episode - 36
Tywin Lannister,0,Episode - 37
Tywin Lannister,300,Episode - 38
Tywin Lannister,0,Episode - 39
Tywin Lannister,351,Episode - 40
Tywin Lannister,136,Episode - 41
Tywin Lannister,0,Episode - 42
Tywin Lannister,0,Episode - 43
Tywin Lannister,0,Episode - 44
Tywin Lannister,0,Episode - 45
Tywin Lannister,0,Episode - 46
Tywin Lannister,0,Episode - 47
Tywin Lannister,0,Episode - 48
Tywin Lannister,0,Episode - 49
Tywin Lannister,0,Episode - 50
Tywin Lannister,0,Episode - 51
Tywin Lannister,0,Episode - 52
Tywin Lannister,0,Episode - 53
Tywin Lannister,0,Episode - 54
Tywin Lannister,0,Episode - 55
Tywin Lannister,0,Episode - 56
Tywin Lannister,0,Episode - 57
Tywin Lannister,0,Episode - 58
Tywin Lannister,0,Episode - 59
Tywin Lannister,0,Episode - 60
Tywin Lannister,0,Episode - 61
Tywin Lannister,0,Episode - 62
Tywin Lannister,0,Episode - 63
Tywin Lannister,0,Episode - 64
Tywin Lannister,0,Episode - 65
Tywin Lannister,0,Episode - 66
Tywin Lannister,0,Episode - 67
Tywin Lannister,0,Episode - 68
Tywin Lannister,0,Episode - 69
Tywin Lannister,0,Episode - 70
Tywin Lannister,0,Episode - 71
Tywin Lannister,0,Episode - 72
Tywin Lannister,0,Episode - 73
Euron Greyjoy,0,Episode - 1
Euron Greyjoy,0,Episode - 2
Euron Greyjoy,0,Episode - 3
Euron Greyjoy,0,Episode - 4
Euron Greyjoy,0,Episode - 5
Euron Greyjoy,0,Episode - 6
Euron Greyjoy,0,Episode - 7
Euron Greyjoy,0,Episode - 8
Euron Greyjoy,0,Episode - 9
Euron Greyjoy,0,Episode - 10
Euron Greyjoy,0,Episode - 11
Euron Greyjoy,0,Episode - 12
Euron Greyjoy,0,Episode - 13
Euron Greyjoy,0,Episode - 14
Euron Greyjoy,0,Episode - 15
Euron Greyjoy,0,Episode - 16
Euron Greyjoy,0,Episode - 17
Euron Greyjoy,0,Episode - 18
Euron Greyjoy,0,Episode - 19
Euron Greyjoy,0,Episode - 20
Euron Greyjoy,0,Episode - 21
Euron Greyjoy,0,Episode - 22
Euron Greyjoy,0,Episode - 23
Euron Greyjoy,0,Episode - 24
Euron Greyjoy,0,Episode - 25
Euron Greyjoy,0,Episode - 26
Euron Greyjoy,0,Episode - 27
Euron Greyjoy,0,Episode - 28
Euron Greyjoy,0,Episode - 29
Euron Greyjoy,0,Episode - 30
Euron Greyjoy,0,Episode - 31
Euron Greyjoy,0,Episode - 32
Euron Greyjoy,0,Episode - 33
Euron Greyjoy,0,Episode - 34
Euron Greyjoy,0,Episode - 35
Euron Greyjoy,0,Episode - 36
Euron Greyjoy,0,Episode - 37
Euron Greyjoy,0,Episode - 38
Euron Greyjoy,0,Episode - 39
Euron Greyjoy,0,Episode - 40
Euron Greyjoy,0,Episode - 41
Euron Greyjoy,0,Episode - 42
Euron Greyjoy,0,Episode - 43
Euron Greyjoy,0,Episode - 44
Euron Greyjoy,0,Episode - 45
Euron Greyjoy,0,Episode - 46
Euron Greyjoy,0,Episode - 47
Euron Greyjoy,0,Episode - 48
Euron Greyjoy,0,Episode - 49
Euron Greyjoy,0,Episode - 50
Euron Greyjoy,0,Episode - 51
Euron Greyjoy,155,Episode - 52
Euron Greyjoy,0,Episode - 53
Euron Greyjoy,0,Episode - 54
Euron Greyjoy,366,Episode - 55
Euron Greyjoy,0,Episode - 56
Euron Greyjoy,0,Episode - 57
Euron Greyjoy,0,Episode - 58
Euron Greyjoy,0,Episode - 59
Euron Greyjoy,0,Episode - 60
Euron Greyjoy,237,Episode - 61
Euron Greyjoy,225,Episode - 62
Euron Greyjoy,238,Episode - 63
Euron Greyjoy,0,Episode - 64
Euron Greyjoy,0,Episode - 65
Euron Greyjoy,0,Episode - 66
Euron Greyjoy,679,Episode - 67
Euron Greyjoy,364,Episode - 68
Euron Greyjoy,0,Episode - 69
Euron Greyjoy,0,Episode - 70
Euron Greyjoy,589,Episode - 71
Euron Greyjoy,293,Episode - 72
Euron Greyjoy,0,Episode - 73
Daenerys Targaryen,819,Episode - 1
Daenerys Targaryen,578,Episode - 2
Daenerys Targaryen,305,Episode - 3
Daenerys Targaryen,273,Episode - 4
Daenerys Targaryen,0,Episode - 5
Daenerys Targaryen,584,Episode - 6
Daenerys Targaryen,578,Episode - 7
Daenerys Targaryen,379,Episode - 8
Daenerys Targaryen,566,Episode - 9
Daenerys Targaryen,818,Episode - 10
Daenerys Targaryen,238,Episode - 11
Daenerys Targaryen,171,Episode - 12
Daenerys Targaryen,0,Episode - 13
Daenerys Targaryen,392,Episode - 14
Daenerys Targaryen,633,Episode - 15
Daenerys Targaryen,374,Episode - 16
Daenerys Targaryen,365,Episode - 17
Daenerys Targaryen,107,Episode - 18
Daenerys Targaryen,0,Episode - 19
Daenerys Targaryen,757,Episode - 20
Daenerys Targaryen,545,Episode - 21
Daenerys Targaryen,0,Episode - 22
Daenerys Targaryen,410,Episode - 23
Daenerys Targaryen,360,Episode - 24
Daenerys Targaryen,183,Episode - 25
Daenerys Targaryen,0,Episode - 26
Daenerys Targaryen,326,Episode - 27
Daenerys Targaryen,473,Episode - 28
Daenerys Targaryen,183,Episode - 29
Daenerys Targaryen,280,Episode - 30
Daenerys Targaryen,348,Episode - 31
Daenerys Targaryen,0,Episode - 32
Daenerys Targaryen,434,Episode - 33
Daenerys Targaryen,138,Episode - 34
Daenerys Targaryen,219,Episode - 35
Daenerys Targaryen,311,Episode - 36
Daenerys Targaryen,332,Episode - 37
Daenerys Targaryen,258,Episode - 38
Daenerys Targaryen,0,Episode - 39
Daenerys Targaryen,450,Episode - 40
Daenerys Targaryen,383,Episode - 41
Daenerys Targaryen,607,Episode - 42
Daenerys Targaryen,0,Episode - 43
Daenerys Targaryen,132,Episode - 44
Daenerys Targaryen,450,Episode - 45
Daenerys Targaryen,0,Episode - 46
Daenerys Targaryen,383,Episode - 47
Daenerys Targaryen,605,Episode - 48
Daenerys Targaryen,973,Episode - 49
Daenerys Targaryen,234,Episode - 50
Daenerys Targaryen,318,Episode - 51
Daenerys Targaryen,0,Episode - 52
Daenerys Targaryen,224,Episode - 53
Daenerys Targaryen,457,Episode - 54
Daenerys Targaryen,192,Episode - 55
Daenerys Targaryen,205,Episode - 56
Daenerys Targaryen,0,Episode - 57
Daenerys Targaryen,12,Episode - 58
Daenerys Targaryen,621,Episode - 59
Daenerys Targaryen,444,Episode - 60
Daenerys Targaryen,334,Episode - 61
Daenerys Targaryen,738,Episode - 62
Daenerys Targaryen,954,Episode - 63
Daenerys Targaryen,725,Episode - 64
Daenerys Targaryen,878,Episode - 65
Daenerys Targaryen,918,Episode - 66
Daenerys Targaryen,1226,Episode - 67
Daenerys Targaryen,835,Episode - 68
Daenerys Targaryen,1123,Episode - 69
Daenerys Targaryen,620,Episode - 70
Daenerys Targaryen,1805,Episode - 71
Daenerys Targaryen,1059,Episode - 72
Daenerys Targaryen,1052,Episode - 73
Sandor Clegane,415,Episode - 1
Sandor Clegane,239,Episode - 2
Sandor Clegane,0,Episode - 3
Sandor Clegane,249,Episode - 4
Sandor Clegane,239,Episode - 5
Sandor Clegane,0,Episode - 6
Sandor Clegane,209,Episode - 7
Sandor Clegane,390,Episode - 8
Sandor Clegane,330,Episode - 9
Sandor Clegane,371,Episode - 10
Sandor Clegane,261,Episode - 11
Sandor Clegane,0,Episode - 12
Sandor Clegane,0,Episode - 13
Sandor Clegane,196,Episode - 14
Sandor Clegane,0,Episode - 15
Sandor Clegane,245,Episode - 16
Sandor Clegane,70,Episode - 17
Sandor Clegane,0,Episode - 18
Sandor Clegane,673,Episode - 19
Sandor Clegane,0,Episode - 20
Sandor Clegane,0,Episode - 21
Sandor Clegane,52,Episode - 22
Sandor Clegane,25,Episode - 23
Sandor Clegane,263,Episode - 24
Sandor Clegane,251,Episode - 25
Sandor Clegane,0,Episode - 26
Sandor Clegane,13,Episode - 27
Sandor Clegane,167,Episode - 28
Sandor Clegane,331,Episode - 29
Sandor Clegane,181,Episode - 30
Sandor Clegane,560,Episode - 31
Sandor Clegane,0,Episode - 32
Sandor Clegane,381,Episode - 33
Sandor Clegane,0,Episode - 34
Sandor Clegane,221,Episode - 35
Sandor Clegane,0,Episode - 36
Sandor Clegane,486,Episode - 37
Sandor Clegane,128,Episode - 38
Sandor Clegane,0,Episode - 39
Sandor Clegane,552,Episode - 40
Sandor Clegane,0,Episode - 41
Sandor Clegane,0,Episode - 42
Sandor Clegane,0,Episode - 43
Sandor Clegane,0,Episode - 44
Sandor Clegane,0,Episode - 45
Sandor Clegane,0,Episode - 46
Sandor Clegane,0,Episode - 47
Sandor Clegane,0,Episode - 48
Sandor Clegane,0,Episode - 49
Sandor Clegane,0,Episode - 50
Sandor Clegane,0,Episode - 51
Sandor Clegane,0,Episode - 52
Sandor Clegane,0,Episode - 53
Sandor Clegane,0,Episode - 54
Sandor Clegane,0,Episode - 55
Sandor Clegane,0,Episode - 56
Sandor Clegane,583,Episode - 57
Sandor Clegane,323,Episode - 58
Sandor Clegane,0,Episode - 59
Sandor Clegane,0,Episode - 60
Sandor Clegane,555,Episode - 61
Sandor Clegane,0,Episode - 62
Sandor Clegane,0,Episode - 63
Sandor Clegane,0,Episode - 64
Sandor Clegane,203,Episode - 65
Sandor Clegane,1799,Episode - 66
Sandor Clegane,1100,Episode - 67
Sandor Clegane,80,Episode - 68
Sandor Clegane,162,Episode - 69
Sandor Clegane,529,Episode - 70
Sandor Clegane,564,Episode - 71
Sandor Clegane,492,Episode - 72
Sandor Clegane,0,Episode - 73
