link,name,screentime,episode
1,Tyrion Lannister,383,Episode - 1
1,Tyrion Lannister,566,Episode - 2
1,Tyrion Lannister,635,Episode - 3
1,Tyrion Lannister,374,Episode - 4
1,Tyrion Lannister,428,Episode - 5
1,Tyrion Lannister,787,Episode - 6
1,Tyrion Lannister,0,Episode - 7
1,Tyrion Lannister,525,Episode - 8
1,Tyrion Lannister,927,Episode - 9
1,Tyrion Lannister,278,Episode - 10
1,Tyrion Lannister,557,Episode - 11
1,Tyrion Lannister,653,Episode - 12
1,Tyrion Lannister,732,Episode - 13
1,Tyrion Lannister,352,Episode - 14
1,Tyrion Lannister,474,Episode - 15
1,Tyrion Lannister,245,Episode - 16
1,Tyrion Lannister,202,Episode - 17
1,Tyrion Lannister,827,Episode - 18
1,Tyrion Lannister,837,Episode - 19
1,Tyrion Lannister,378,Episode - 20
1,Tyrion Lannister,559,Episode - 21
1,Tyrion Lannister,201,Episode - 22
1,Tyrion Lannister,654,Episode - 23
1,Tyrion Lannister,245,Episode - 24
1,Tyrion Lannister,361,Episode - 25
1,Tyrion Lannister,233,Episode - 26
1,Tyrion Lannister,216,Episode - 27
1,Tyrion Lannister,904,Episode - 28
1,Tyrion Lannister,0,Episode - 29
1,Tyrion Lannister,773,Episode - 30
1,Tyrion Lannister,628,Episode - 31
1,Tyrion Lannister,1433,Episode - 32
1,Tyrion Lannister,320,Episode - 33
1,Tyrion Lannister,161,Episode - 34
1,Tyrion Lannister,0,Episode - 35
1,Tyrion Lannister,1011,Episode - 36
1,Tyrion Lannister,750,Episode - 37
1,Tyrion Lannister,680,Episode - 38
1,Tyrion Lannister,0,Episode - 39
1,Tyrion Lannister,497,Episode - 40
1,Tyrion Lannister,401,Episode - 41
1,Tyrion Lannister,146,Episode - 42
1,Tyrion Lannister,412,Episode - 43
1,Tyrion Lannister,271,Episode - 44
1,Tyrion Lannister,468,Episode - 45
1,Tyrion Lannister,471,Episode - 46
1,Tyrion Lannister,393,Episode - 47
1,Tyrion Lannister,605,Episode - 48
1,Tyrion Lannister,944,Episode - 49
1,Tyrion Lannister,358,Episode - 50
1,Tyrion Lannister,213,Episode - 51
1,Tyrion Lannister,371,Episode - 52
1,Tyrion Lannister,203,Episode - 53
1,Tyrion Lannister,424,Episode - 54
1,Tyrion Lannister,343,Episode - 55
1,Tyrion Lannister,0,Episode - 56
1,Tyrion Lannister,0,Episode - 57
1,Tyrion Lannister,436,Episode - 58
1,Tyrion Lannister,634,Episode - 59
1,Tyrion Lannister,228,Episode - 60
1,Tyrion Lannister,334,Episode - 61
1,Tyrion Lannister,685,Episode - 62
1,Tyrion Lannister,1308,Episode - 63
1,Tyrion Lannister,248,Episode - 64
1,Tyrion Lannister,1015,Episode - 65
1,Tyrion Lannister,371,Episode - 66
1,Tyrion Lannister,1888,Episode - 67
1,Tyrion Lannister,498,Episode - 68
1,Tyrion Lannister,1303,Episode - 69
1,Tyrion Lannister,438,Episode - 70
1,Tyrion Lannister,2376,Episode - 71
1,Tyrion Lannister,1029,Episode - 72
1,Tyrion Lannister,2504,Episode - 73
1,Bran Stark,1083,Episode - 1
1,Bran Stark,646,Episode - 2
1,Bran Stark,182,Episode - 3
1,Bran Stark,206,Episode - 4
1,Bran Stark,155,Episode - 5
1,Bran Stark,319,Episode - 6
1,Bran Stark,0,Episode - 7
1,Bran Stark,362,Episode - 8
1,Bran Stark,0,Episode - 9
1,Bran Stark,162,Episode - 10
1,Bran Stark,207,Episode - 11
1,Bran Stark,0,Episode - 12
1,Bran Stark,185,Episode - 13
1,Bran Stark,0,Episode - 14
1,Bran Stark,209,Episode - 15
1,Bran Stark,469,Episode - 16
1,Bran Stark,61,Episode - 17
1,Bran Stark,56,Episode - 18
1,Bran Stark,0,Episode - 19
1,Bran Stark,200,Episode - 20
1,Bran Stark,0,Episode - 21
1,Bran Stark,427,Episode - 22
1,Bran Stark,0,Episode - 23
1,Bran Stark,79,Episode - 24
1,Bran Stark,0,Episode - 25
1,Bran Stark,181,Episode - 26
1,Bran Stark,238,Episode - 27
1,Bran Stark,0,Episode - 28
1,Bran Stark,429,Episode - 29
1,Bran Stark,414,Episode - 30
1,Bran Stark,0,Episode - 31
1,Bran Stark,181,Episode - 32
1,Bran Stark,0,Episode - 33
1,Bran Stark,276,Episode - 34
1,Bran Stark,457,Episode - 35
1,Bran Stark,0,Episode - 36
1,Bran Stark,0,Episode - 37
1,Bran Stark,0,Episode - 38
1,Bran Stark,0,Episode - 39
1,Bran Stark,513,Episode - 40
1,Bran Stark,0,Episode - 41
1,Bran Stark,0,Episode - 42
1,Bran Stark,0,Episode - 43
1,Bran Stark,0,Episode - 44
1,Bran Stark,0,Episode - 45
1,Bran Stark,0,Episode - 46
1,Bran Stark,0,Episode - 47
1,Bran Stark,0,Episode - 48
1,Bran Stark,0,Episode - 49
1,Bran Stark,0,Episode - 50
1,Bran Stark,0,Episode - 51
1,Bran Stark,292,Episode - 52
1,Bran Stark,393,Episode - 53
1,Bran Stark,0,Episode - 54
1,Bran Stark,761,Episode - 55
1,Bran Stark,375,Episode - 56
1,Bran Stark,0,Episode - 57
1,Bran Stark,0,Episode - 58
1,Bran Stark,0,Episode - 59
1,Bran Stark,286,Episode - 60
1,Bran Stark,89,Episode - 61
1,Bran Stark,0,Episode - 62
1,Bran Stark,154,Episode - 63
1,Bran Stark,416,Episode - 64
1,Bran Stark,24,Episode - 65
1,Bran Stark,0,Episode - 66
1,Bran Stark,563,Episode - 67
1,Bran Stark,328,Episode - 68
1,Bran Stark,612,Episode - 69
1,Bran Stark,546,Episode - 70
1,Bran Stark,781,Episode - 71
1,Bran Stark,0,Episode - 72
1,Bran Stark,1029,Episode - 73
1,Robb Stark,859,Episode - 1
1,Robb Stark,346,Episode - 2
1,Robb Stark,182,Episode - 3
1,Robb Stark,103,Episode - 4
1,Robb Stark,0,Episode - 5
1,Robb Stark,273,Episode - 6
1,Robb Stark,0,Episode - 7
1,Robb Stark,651,Episode - 8
1,Robb Stark,363,Episode - 9
1,Robb Stark,256,Episode - 10
1,Robb Stark,539,Episode - 11
1,Robb Stark,0,Episode - 12
1,Robb Stark,0,Episode - 13
1,Robb Stark,215,Episode - 14
1,Robb Stark,0,Episode - 15
1,Robb Stark,294,Episode - 16
1,Robb Stark,164,Episode - 17
1,Robb Stark,675,Episode - 18
1,Robb Stark,0,Episode - 19
1,Robb Stark,155,Episode - 20
1,Robb Stark,170,Episode - 21
1,Robb Stark,205,Episode - 22
1,Robb Stark,274,Episode - 23
1,Robb Stark,0,Episode - 24
1,Robb Stark,403,Episode - 25
1,Robb Stark,226,Episode - 26
1,Robb Stark,308,Episode - 27
1,Robb Stark,0,Episode - 28
1,Robb Stark,1029,Episode - 29
1,Robb Stark,21,Episode - 30
1,Robb Stark,0,Episode - 31
1,Robb Stark,0,Episode - 32
1,Robb Stark,0,Episode - 33
1,Robb Stark,0,Episode - 34
1,Robb Stark,0,Episode - 35
1,Robb Stark,0,Episode - 36
1,Robb Stark,0,Episode - 37
1,Robb Stark,0,Episode - 38
1,Robb Stark,0,Episode - 39
1,Robb Stark,0,Episode - 40
1,Robb Stark,0,Episode - 41
1,Robb Stark,0,Episode - 42
1,Robb Stark,0,Episode - 43
1,Robb Stark,0,Episode - 44
1,Robb Stark,0,Episode - 45
1,Robb Stark,0,Episode - 46
1,Robb Stark,0,Episode - 47
1,Robb Stark,0,Episode - 48
1,Robb Stark,0,Episode - 49
1,Robb Stark,0,Episode - 50
1,Robb Stark,0,Episode - 51
1,Robb Stark,0,Episode - 52
1,Robb Stark,0,Episode - 53
1,Robb Stark,0,Episode - 54
1,Robb Stark,0,Episode - 55
1,Robb Stark,10,Episode - 56
1,Robb Stark,0,Episode - 57
1,Robb Stark,0,Episode - 58
1,Robb Stark,0,Episode - 59
1,Robb Stark,0,Episode - 60
1,Robb Stark,0,Episode - 61
1,Robb Stark,0,Episode - 62
1,Robb Stark,0,Episode - 63
1,Robb Stark,0,Episode - 64
1,Robb Stark,0,Episode - 65
1,Robb Stark,0,Episode - 66
1,Robb Stark,0,Episode - 67
1,Robb Stark,0,Episode - 68
1,Robb Stark,0,Episode - 69
1,Robb Stark,0,Episode - 70
1,Robb Stark,0,Episode - 71
1,Robb Stark,0,Episode - 72
1,Robb Stark,0,Episode - 73
1,Catelyn Stark,1121,Episode - 1
1,Catelyn Stark,798,Episode - 2
1,Catelyn Stark,343,Episode - 3
1,Catelyn Stark,184,Episode - 4
1,Catelyn Stark,387,Episode - 5
1,Catelyn Stark,602,Episode - 6
1,Catelyn Stark,0,Episode - 7
1,Catelyn Stark,491,Episode - 8
1,Catelyn Stark,607,Episode - 9
1,Catelyn Stark,439,Episode - 10
1,Catelyn Stark,171,Episode - 11
1,Catelyn Stark,0,Episode - 12
1,Catelyn Stark,329,Episode - 13
1,Catelyn Stark,421,Episode - 14
1,Catelyn Stark,391,Episode - 15
1,Catelyn Stark,161,Episode - 16
1,Catelyn Stark,327,Episode - 17
1,Catelyn Stark,101,Episode - 18
1,Catelyn Stark,0,Episode - 19
1,Catelyn Stark,104,Episode - 20
1,Catelyn Stark,105,Episode - 21
1,Catelyn Stark,265,Episode - 22
1,Catelyn Stark,280,Episode - 23
1,Catelyn Stark,16,Episode - 24
1,Catelyn Stark,274,Episode - 25
1,Catelyn Stark,226,Episode - 26
1,Catelyn Stark,73,Episode - 27
1,Catelyn Stark,0,Episode - 28
1,Catelyn Stark,1074,Episode - 29
1,Catelyn Stark,0,Episode - 30
1,Catelyn Stark,0,Episode - 31
1,Catelyn Stark,0,Episode - 32
1,Catelyn Stark,0,Episode - 33
1,Catelyn Stark,0,Episode - 34
1,Catelyn Stark,0,Episode - 35
1,Catelyn Stark,0,Episode - 36
1,Catelyn Stark,0,Episode - 37
1,Catelyn Stark,0,Episode - 38
1,Catelyn Stark,0,Episode - 39
1,Catelyn Stark,0,Episode - 40
1,Catelyn Stark,0,Episode - 41
1,Catelyn Stark,0,Episode - 42
1,Catelyn Stark,0,Episode - 43
1,Catelyn Stark,0,Episode - 44
1,Catelyn Stark,0,Episode - 45
1,Catelyn Stark,0,Episode - 46
1,Catelyn Stark,0,Episode - 47
1,Catelyn Stark,0,Episode - 48
1,Catelyn Stark,0,Episode - 49
1,Catelyn Stark,0,Episode - 50
1,Catelyn Stark,0,Episode - 51
1,Catelyn Stark,0,Episode - 52
1,Catelyn Stark,0,Episode - 53
1,Catelyn Stark,0,Episode - 54
1,Catelyn Stark,0,Episode - 55
1,Catelyn Stark,7,Episode - 56
1,Catelyn Stark,0,Episode - 57
1,Catelyn Stark,0,Episode - 58
1,Catelyn Stark,0,Episode - 59
1,Catelyn Stark,0,Episode - 60
1,Catelyn Stark,0,Episode - 61
1,Catelyn Stark,0,Episode - 62
1,Catelyn Stark,0,Episode - 63
1,Catelyn Stark,0,Episode - 64
1,Catelyn Stark,0,Episode - 65
1,Catelyn Stark,0,Episode - 66
1,Catelyn Stark,0,Episode - 67
1,Catelyn Stark,0,Episode - 68
1,Catelyn Stark,0,Episode - 69
1,Catelyn Stark,0,Episode - 70
1,Catelyn Stark,0,Episode - 71
1,Catelyn Stark,0,Episode - 72
1,Catelyn Stark,0,Episode - 73
1,Cersei Lannister,786,Episode - 1
1,Cersei Lannister,528,Episode - 2
1,Cersei Lannister,228,Episode - 3
1,Cersei Lannister,349,Episode - 4
1,Cersei Lannister,379,Episode - 5
1,Cersei Lannister,269,Episode - 6
1,Cersei Lannister,685,Episode - 7
1,Cersei Lannister,501,Episode - 8
1,Cersei Lannister,330,Episode - 9
1,Cersei Lannister,197,Episode - 10
1,Cersei Lannister,546,Episode - 11
1,Cersei Lannister,277,Episode - 12
1,Cersei Lannister,170,Episode - 13
1,Cersei Lannister,0,Episode - 14
1,Cersei Lannister,98,Episode - 15
1,Cersei Lannister,190,Episode - 16
1,Cersei Lannister,368,Episode - 17
1,Cersei Lannister,324,Episode - 18
1,Cersei Lannister,775,Episode - 19
1,Cersei Lannister,273,Episode - 20
1,Cersei Lannister,413,Episode - 21
1,Cersei Lannister,131,Episode - 22
1,Cersei Lannister,244,Episode - 23
1,Cersei Lannister,343,Episode - 24
1,Cersei Lannister,270,Episode - 25
1,Cersei Lannister,172,Episode - 26
1,Cersei Lannister,0,Episode - 27
1,Cersei Lannister,429,Episode - 28
1,Cersei Lannister,0,Episode - 29
1,Cersei Lannister,427,Episode - 30
1,Cersei Lannister,195,Episode - 31
1,Cersei Lannister,1258,Episode - 32
1,Cersei Lannister,490,Episode - 33
1,Cersei Lannister,154,Episode - 34
1,Cersei Lannister,698,Episode - 35
1,Cersei Lannister,1130,Episode - 36
1,Cersei Lannister,60,Episode - 37
1,Cersei Lannister,300,Episode - 38
1,Cersei Lannister,0,Episode - 39
1,Cersei Lannister,409,Episode - 40
1,Cersei Lannister,377,Episode - 41
1,Cersei Lannister,358,Episode - 42
1,Cersei Lannister,548,Episode - 43
1,Cersei Lannister,260,Episode - 44
1,Cersei Lannister,0,Episode - 45
1,Cersei Lannister,646,Episode - 46
1,Cersei Lannister,650,Episode - 47
1,Cersei Lannister,291,Episode - 48
1,Cersei Lannister,0,Episode - 49
1,Cersei Lannister,797,Episode - 50
1,Cersei Lannister,253,Episode - 51
1,Cersei Lannister,211,Episode - 52
1,Cersei Lannister,230,Episode - 53
1,Cersei Lannister,352,Episode - 54
1,Cersei Lannister,0,Episode - 55
1,Cersei Lannister,119,Episode - 56
1,Cersei Lannister,130,Episode - 57
1,Cersei Lannister,371,Episode - 58
1,Cersei Lannister,0,Episode - 59
1,Cersei Lannister,556,Episode - 60
1,Cersei Lannister,539,Episode - 61
1,Cersei Lannister,205,Episode - 62
1,Cersei Lannister,688,Episode - 63
1,Cersei Lannister,90,Episode - 64
1,Cersei Lannister,324,Episode - 65
1,Cersei Lannister,0,Episode - 66
1,Cersei Lannister,1580,Episode - 67
1,Cersei Lannister,294,Episode - 68
1,Cersei Lannister,0,Episode - 69
1,Cersei Lannister,0,Episode - 70
1,Cersei Lannister,541,Episode - 71
1,Cersei Lannister,586,Episode - 72
1,Cersei Lannister,130,Episode - 73
1,Renly Baratheon,0,Episode - 1
1,Renly Baratheon,0,Episode - 2
1,Renly Baratheon,174,Episode - 3
1,Renly Baratheon,393,Episode - 4
1,Renly Baratheon,904,Episode - 5
1,Renly Baratheon,113,Episode - 6
1,Renly Baratheon,533,Episode - 7
1,Renly Baratheon,0,Episode - 8
1,Renly Baratheon,0,Episode - 9
1,Renly Baratheon,0,Episode - 10
1,Renly Baratheon,0,Episode - 11
1,Renly Baratheon,0,Episode - 12
1,Renly Baratheon,621,Episode - 13
1,Renly Baratheon,301,Episode - 14
1,Renly Baratheon,352,Episode - 15
1,Renly Baratheon,0,Episode - 16
1,Renly Baratheon,0,Episode - 17
1,Renly Baratheon,0,Episode - 18
1,Renly Baratheon,0,Episode - 19
1,Renly Baratheon,0,Episode - 20
1,Renly Baratheon,0,Episode - 21
1,Renly Baratheon,0,Episode - 22
1,Renly Baratheon,0,Episode - 23
1,Renly Baratheon,0,Episode - 24
1,Renly Baratheon,0,Episode - 25
1,Renly Baratheon,0,Episode - 26
1,Renly Baratheon,0,Episode - 27
1,Renly Baratheon,0,Episode - 28
1,Renly Baratheon,0,Episode - 29
1,Renly Baratheon,0,Episode - 30
1,Renly Baratheon,0,Episode - 31
1,Renly Baratheon,0,Episode - 32
1,Renly Baratheon,0,Episode - 33
1,Renly Baratheon,0,Episode - 34
1,Renly Baratheon,0,Episode - 35
1,Renly Baratheon,0,Episode - 36
1,Renly Baratheon,0,Episode - 37
1,Renly Baratheon,0,Episode - 38
1,Renly Baratheon,0,Episode - 39
1,Renly Baratheon,0,Episode - 40
1,Renly Baratheon,0,Episode - 41
1,Renly Baratheon,0,Episode - 42
1,Renly Baratheon,0,Episode - 43
1,Renly Baratheon,0,Episode - 44
1,Renly Baratheon,0,Episode - 45
1,Renly Baratheon,0,Episode - 46
1,Renly Baratheon,0,Episode - 47
1,Renly Baratheon,0,Episode - 48
1,Renly Baratheon,0,Episode - 49
1,Renly Baratheon,0,Episode - 50
1,Renly Baratheon,0,Episode - 51
1,Renly Baratheon,0,Episode - 52
1,Renly Baratheon,0,Episode - 53
1,Renly Baratheon,0,Episode - 54
1,Renly Baratheon,0,Episode - 55
1,Renly Baratheon,0,Episode - 56
1,Renly Baratheon,0,Episode - 57
1,Renly Baratheon,0,Episode - 58
1,Renly Baratheon,0,Episode - 59
1,Renly Baratheon,0,Episode - 60
1,Renly Baratheon,0,Episode - 61
1,Renly Baratheon,0,Episode - 62
1,Renly Baratheon,0,Episode - 63
1,Renly Baratheon,0,Episode - 64
1,Renly Baratheon,0,Episode - 65
1,Renly Baratheon,0,Episode - 66
1,Renly Baratheon,0,Episode - 67
1,Renly Baratheon,0,Episode - 68
1,Renly Baratheon,0,Episode - 69
1,Renly Baratheon,0,Episode - 70
1,Renly Baratheon,0,Episode - 71
1,Renly Baratheon,0,Episode - 72
1,Renly Baratheon,0,Episode - 73
1,Stannis Baratheon,0,Episode - 1
1,Stannis Baratheon,0,Episode - 2
1,Stannis Baratheon,0,Episode - 3
1,Stannis Baratheon,0,Episode - 4
1,Stannis Baratheon,0,Episode - 5
1,Stannis Baratheon,0,Episode - 6
1,Stannis Baratheon,0,Episode - 7
1,Stannis Baratheon,0,Episode - 8
1,Stannis Baratheon,0,Episode - 9
1,Stannis Baratheon,0,Episode - 10
1,Stannis Baratheon,373,Episode - 11
1,Stannis Baratheon,234,Episode - 12
1,Stannis Baratheon,0,Episode - 13
1,Stannis Baratheon,306,Episode - 14
1,Stannis Baratheon,163,Episode - 15
1,Stannis Baratheon,0,Episode - 16
1,Stannis Baratheon,0,Episode - 17
1,Stannis Baratheon,176,Episode - 18
1,Stannis Baratheon,166,Episode - 19
1,Stannis Baratheon,214,Episode - 20
1,Stannis Baratheon,162,Episode - 21
1,Stannis Baratheon,0,Episode - 22
1,Stannis Baratheon,114,Episode - 23
1,Stannis Baratheon,0,Episode - 24
1,Stannis Baratheon,272,Episode - 25
1,Stannis Baratheon,0,Episode - 26
1,Stannis Baratheon,0,Episode - 27
1,Stannis Baratheon,391,Episode - 28
1,Stannis Baratheon,0,Episode - 29
1,Stannis Baratheon,322,Episode - 30
1,Stannis Baratheon,0,Episode - 31
1,Stannis Baratheon,179,Episode - 32
1,Stannis Baratheon,110,Episode - 33
1,Stannis Baratheon,0,Episode - 34
1,Stannis Baratheon,0,Episode - 35
1,Stannis Baratheon,355,Episode - 36
1,Stannis Baratheon,0,Episode - 37
1,Stannis Baratheon,0,Episode - 38
1,Stannis Baratheon,0,Episode - 39
1,Stannis Baratheon,234,Episode - 40
1,Stannis Baratheon,379,Episode - 41
1,Stannis Baratheon,141,Episode - 42
1,Stannis Baratheon,270,Episode - 43
1,Stannis Baratheon,279,Episode - 44
1,Stannis Baratheon,335,Episode - 45
1,Stannis Baratheon,0,Episode - 46
1,Stannis Baratheon,212,Episode - 47
1,Stannis Baratheon,0,Episode - 48
1,Stannis Baratheon,523,Episode - 49
1,Stannis Baratheon,435,Episode - 50
1,Stannis Baratheon,0,Episode - 51
1,Stannis Baratheon,0,Episode - 52
1,Stannis Baratheon,0,Episode - 53
1,Stannis Baratheon,0,Episode - 54
1,Stannis Baratheon,0,Episode - 55
1,Stannis Baratheon,0,Episode - 56
1,Stannis Baratheon,0,Episode - 57
1,Stannis Baratheon,0,Episode - 58
1,Stannis Baratheon,0,Episode - 59
1,Stannis Baratheon,0,Episode - 60
1,Stannis Baratheon,0,Episode - 61
1,Stannis Baratheon,0,Episode - 62
1,Stannis Baratheon,0,Episode - 63
1,Stannis Baratheon,0,Episode - 64
1,Stannis Baratheon,0,Episode - 65
1,Stannis Baratheon,0,Episode - 66
1,Stannis Baratheon,0,Episode - 67
1,Stannis Baratheon,0,Episode - 68
1,Stannis Baratheon,0,Episode - 69
1,Stannis Baratheon,0,Episode - 70
1,Stannis Baratheon,0,Episode - 71
1,Stannis Baratheon,0,Episode - 72
1,Stannis Baratheon,0,Episode - 73
1,Davos Seaworth,0,Episode - 1
1,Davos Seaworth,0,Episode - 2
1,Davos Seaworth,0,Episode - 3
1,Davos Seaworth,0,Episode - 4
1,Davos Seaworth,0,Episode - 5
1,Davos Seaworth,0,Episode - 6
1,Davos Seaworth,0,Episode - 7
1,Davos Seaworth,0,Episode - 8
1,Davos Seaworth,0,Episode - 9
1,Davos Seaworth,0,Episode - 10
1,Davos Seaworth,432,Episode - 11
1,Davos Seaworth,333,Episode - 12
1,Davos Seaworth,0,Episode - 13
1,Davos Seaworth,530,Episode - 14
1,Davos Seaworth,163,Episode - 15
1,Davos Seaworth,0,Episode - 16
1,Davos Seaworth,0,Episode - 17
1,Davos Seaworth,176,Episode - 18
1,Davos Seaworth,245,Episode - 19
1,Davos Seaworth,0,Episode - 20
1,Davos Seaworth,462,Episode - 21
1,Davos Seaworth,0,Episode - 22
1,Davos Seaworth,0,Episode - 23
1,Davos Seaworth,0,Episode - 24
1,Davos Seaworth,92,Episode - 25
1,Davos Seaworth,0,Episode - 26
1,Davos Seaworth,0,Episode - 27
1,Davos Seaworth,354,Episode - 28
1,Davos Seaworth,0,Episode - 29
1,Davos Seaworth,728,Episode - 30
1,Davos Seaworth,0,Episode - 31
1,Davos Seaworth,92,Episode - 32
1,Davos Seaworth,237,Episode - 33
1,Davos Seaworth,0,Episode - 34
1,Davos Seaworth,0,Episode - 35
1,Davos Seaworth,474,Episode - 36
1,Davos Seaworth,0,Episode - 37
1,Davos Seaworth,0,Episode - 38
1,Davos Seaworth,0,Episode - 39
1,Davos Seaworth,218,Episode - 40
1,Davos Seaworth,344,Episode - 41
1,Davos Seaworth,141,Episode - 42
1,Davos Seaworth,260,Episode - 43
1,Davos Seaworth,0,Episode - 44
1,Davos Seaworth,212,Episode - 45
1,Davos Seaworth,0,Episode - 46
1,Davos Seaworth,126,Episode - 47
1,Davos Seaworth,0,Episode - 48
1,Davos Seaworth,300,Episode - 49
1,Davos Seaworth,69,Episode - 50
1,Davos Seaworth,413,Episode - 51
1,Davos Seaworth,629,Episode - 52
1,Davos Seaworth,525,Episode - 53
1,Davos Seaworth,99,Episode - 54
1,Davos Seaworth,151,Episode - 55
1,Davos Seaworth,0,Episode - 56
1,Davos Seaworth,745,Episode - 57
1,Davos Seaworth,0,Episode - 58
1,Davos Seaworth,1042,Episode - 59
1,Davos Seaworth,497,Episode - 60
1,Davos Seaworth,300,Episode - 61
1,Davos Seaworth,330,Episode - 62
1,Davos Seaworth,848,Episode - 63
1,Davos Seaworth,450,Episode - 64
1,Davos Seaworth,990,Episode - 65
1,Davos Seaworth,53,Episode - 66
1,Davos Seaworth,1446,Episode - 67
1,Davos Seaworth,305,Episode - 68
1,Davos Seaworth,1006,Episode - 69
1,Davos Seaworth,250,Episode - 70
1,Davos Seaworth,699,Episode - 71
1,Davos Seaworth,246,Episode - 72
1,Davos Seaworth,1173,Episode - 73
1,Theon Greyjoy,1196,Episode - 1
1,Theon Greyjoy,109,Episode - 2
1,Theon Greyjoy,0,Episode - 3
1,Theon Greyjoy,244,Episode - 4
1,Theon Greyjoy,259,Episode - 5
1,Theon Greyjoy,366,Episode - 6
1,Theon Greyjoy,222,Episode - 7
1,Theon Greyjoy,406,Episode - 8
1,Theon Greyjoy,332,Episode - 9
1,Theon Greyjoy,136,Episode - 10
1,Theon Greyjoy,160,Episode - 11
1,Theon Greyjoy,575,Episode - 12
1,Theon Greyjoy,375,Episode - 13
1,Theon Greyjoy,0,Episode - 14
1,Theon Greyjoy,224,Episode - 15
1,Theon Greyjoy,591,Episode - 16
1,Theon Greyjoy,300,Episode - 17
1,Theon Greyjoy,274,Episode - 18
1,Theon Greyjoy,0,Episode - 19
1,Theon Greyjoy,409,Episode - 20
1,Theon Greyjoy,0,Episode - 21
1,Theon Greyjoy,165,Episode - 22
1,Theon Greyjoy,306,Episode - 23
1,Theon Greyjoy,261,Episode - 24
1,Theon Greyjoy,0,Episode - 25
1,Theon Greyjoy,332,Episode - 26
1,Theon Greyjoy,323,Episode - 27
1,Theon Greyjoy,0,Episode - 28
1,Theon Greyjoy,0,Episode - 29
1,Theon Greyjoy,218,Episode - 30
1,Theon Greyjoy,0,Episode - 31
1,Theon Greyjoy,436,Episode - 32
1,Theon Greyjoy,0,Episode - 33
1,Theon Greyjoy,0,Episode - 34
1,Theon Greyjoy,0,Episode - 35
1,Theon Greyjoy,383,Episode - 36
1,Theon Greyjoy,0,Episode - 37
1,Theon Greyjoy,371,Episode - 38
1,Theon Greyjoy,0,Episode - 39
1,Theon Greyjoy,0,Episode - 40
1,Theon Greyjoy,0,Episode - 41
1,Theon Greyjoy,0,Episode - 42
1,Theon Greyjoy,245,Episode - 43
1,Theon Greyjoy,0,Episode - 44
1,Theon Greyjoy,389,Episode - 45
1,Theon Greyjoy,442,Episode - 46
1,Theon Greyjoy,265,Episode - 47
1,Theon Greyjoy,170,Episode - 48
1,Theon Greyjoy,0,Episode - 49
1,Theon Greyjoy,124,Episode - 50
1,Theon Greyjoy,404,Episode - 51
1,Theon Greyjoy,136,Episode - 52
1,Theon Greyjoy,0,Episode - 53
1,Theon Greyjoy,186,Episode - 54
1,Theon Greyjoy,366,Episode - 55
1,Theon Greyjoy,0,Episode - 56
1,Theon Greyjoy,197,Episode - 57
1,Theon Greyjoy,0,Episode - 58
1,Theon Greyjoy,244,Episode - 59
1,Theon Greyjoy,93,Episode - 60
1,Theon Greyjoy,0,Episode - 61
1,Theon Greyjoy,513,Episode - 62
1,Theon Greyjoy,46,Episode - 63
1,Theon Greyjoy,98,Episode - 64
1,Theon Greyjoy,0,Episode - 65
1,Theon Greyjoy,0,Episode - 66
1,Theon Greyjoy,1896,Episode - 67
1,Theon Greyjoy,107,Episode - 68
1,Theon Greyjoy,265,Episode - 69
1,Theon Greyjoy,413,Episode - 70
1,Theon Greyjoy,103,Episode - 71
1,Theon Greyjoy,0,Episode - 72
1,Theon Greyjoy,0,Episode - 73
1,Joffrey Baratheon,531,Episode - 1
1,Joffrey Baratheon,620,Episode - 2
1,Joffrey Baratheon,159,Episode - 3
1,Joffrey Baratheon,249,Episode - 4
1,Joffrey Baratheon,239,Episode - 5
1,Joffrey Baratheon,173,Episode - 6
1,Joffrey Baratheon,504,Episode - 7
1,Joffrey Baratheon,369,Episode - 8
1,Joffrey Baratheon,330,Episode - 9
1,Joffrey Baratheon,451,Episode - 10
1,Joffrey Baratheon,406,Episode - 11
1,Joffrey Baratheon,0,Episode - 12
1,Joffrey Baratheon,0,Episode - 13
1,Joffrey Baratheon,392,Episode - 14
1,Joffrey Baratheon,0,Episode - 15
1,Joffrey Baratheon,226,Episode - 16
1,Joffrey Baratheon,0,Episode - 17
1,Joffrey Baratheon,64,Episode - 18
1,Joffrey Baratheon,380,Episode - 19
1,Joffrey Baratheon,273,Episode - 20
1,Joffrey Baratheon,217,Episode - 21
1,Joffrey Baratheon,417,Episode - 22
1,Joffrey Baratheon,0,Episode - 23
1,Joffrey Baratheon,200,Episode - 24
1,Joffrey Baratheon,0,Episode - 25
1,Joffrey Baratheon,19,Episode - 26
1,Joffrey Baratheon,208,Episode - 27
1,Joffrey Baratheon,424,Episode - 28
1,Joffrey Baratheon,0,Episode - 29
1,Joffrey Baratheon,200,Episode - 30
1,Joffrey Baratheon,115,Episode - 31
1,Joffrey Baratheon,1166,Episode - 32
1,Joffrey Baratheon,479,Episode - 33
1,Joffrey Baratheon,0,Episode - 34
1,Joffrey Baratheon,0,Episode - 35
1,Joffrey Baratheon,0,Episode - 36
1,Joffrey Baratheon,0,Episode - 37
1,Joffrey Baratheon,0,Episode - 38
1,Joffrey Baratheon,0,Episode - 39
1,Joffrey Baratheon,0,Episode - 40
1,Joffrey Baratheon,0,Episode - 41
1,Joffrey Baratheon,0,Episode - 42
1,Joffrey Baratheon,0,Episode - 43
1,Joffrey Baratheon,0,Episode - 44
1,Joffrey Baratheon,0,Episode - 45
1,Joffrey Baratheon,0,Episode - 46
1,Joffrey Baratheon,0,Episode - 47
1,Joffrey Baratheon,0,Episode - 48
1,Joffrey Baratheon,0,Episode - 49
1,Joffrey Baratheon,0,Episode - 50
1,Joffrey Baratheon,0,Episode - 51
1,Joffrey Baratheon,0,Episode - 52
1,Joffrey Baratheon,0,Episode - 53
1,Joffrey Baratheon,0,Episode - 54
1,Joffrey Baratheon,0,Episode - 55
1,Joffrey Baratheon,0,Episode - 56
1,Joffrey Baratheon,0,Episode - 57
1,Joffrey Baratheon,0,Episode - 58
1,Joffrey Baratheon,0,Episode - 59
1,Joffrey Baratheon,0,Episode - 60
1,Joffrey Baratheon,0,Episode - 61
1,Joffrey Baratheon,0,Episode - 62
1,Joffrey Baratheon,0,Episode - 63
1,Joffrey Baratheon,0,Episode - 64
1,Joffrey Baratheon,0,Episode - 65
1,Joffrey Baratheon,0,Episode - 66
1,Joffrey Baratheon,0,Episode - 67
1,Joffrey Baratheon,0,Episode - 68
1,Joffrey Baratheon,0,Episode - 69
1,Joffrey Baratheon,0,Episode - 70
1,Joffrey Baratheon,0,Episode - 71
1,Joffrey Baratheon,0,Episode - 72
1,Joffrey Baratheon,0,Episode - 73
1,Varys,0,Episode - 1
1,Varys,0,Episode - 2
1,Varys,346,Episode - 3
1,Varys,144,Episode - 4
1,Varys,672,Episode - 5
1,Varys,0,Episode - 6
1,Varys,361,Episode - 7
1,Varys,683,Episode - 8
1,Varys,571,Episode - 9
1,Varys,172,Episode - 10
1,Varys,139,Episode - 11
1,Varys,276,Episode - 12
1,Varys,152,Episode - 13
1,Varys,0,Episode - 14
1,Varys,0,Episode - 15
1,Varys,0,Episode - 16
1,Varys,0,Episode - 17
1,Varys,323,Episode - 18
1,Varys,172,Episode - 19
1,Varys,532,Episode - 20
1,Varys,0,Episode - 21
1,Varys,0,Episode - 22
1,Varys,244,Episode - 23
1,Varys,558,Episode - 24
1,Varys,0,Episode - 25
1,Varys,144,Episode - 26
1,Varys,0,Episode - 27
1,Varys,194,Episode - 28
1,Varys,0,Episode - 29
1,Varys,393,Episode - 30
1,Varys,0,Episode - 31
1,Varys,481,Episode - 32
1,Varys,0,Episode - 33
1,Varys,0,Episode - 34
1,Varys,103,Episode - 35
1,Varys,394,Episode - 36
1,Varys,0,Episode - 37
1,Varys,272,Episode - 38
1,Varys,0,Episode - 39
1,Varys,82,Episode - 40
1,Varys,366,Episode - 41
1,Varys,146,Episode - 42
1,Varys,277,Episode - 43
1,Varys,0,Episode - 44
1,Varys,0,Episode - 45
1,Varys,0,Episode - 46
1,Varys,0,Episode - 47
1,Varys,0,Episode - 48
1,Varys,0,Episode - 49
1,Varys,87,Episode - 50
1,Varys,213,Episode - 51
1,Varys,219,Episode - 52
1,Varys,294,Episode - 53
1,Varys,218,Episode - 54
1,Varys,343,Episode - 55
1,Varys,0,Episode - 56
1,Varys,0,Episode - 57
1,Varys,103,Episode - 58
1,Varys,0,Episode - 59
1,Varys,34,Episode - 60
1,Varys,225,Episode - 61
1,Varys,685,Episode - 62
1,Varys,276,Episode - 63
1,Varys,162,Episode - 64
1,Varys,318,Episode - 65
1,Varys,0,Episode - 66
1,Varys,1406,Episode - 67
1,Varys,355,Episode - 68
1,Varys,503,Episode - 69
1,Varys,346,Episode - 70
1,Varys,1607,Episode - 71
1,Varys,436,Episode - 72
1,Varys,0,Episode - 73
1,Qhorin Halfhand,0,Episode - 1
1,Qhorin Halfhand,0,Episode - 2
1,Qhorin Halfhand,0,Episode - 3
1,Qhorin Halfhand,0,Episode - 4
1,Qhorin Halfhand,0,Episode - 5
1,Qhorin Halfhand,0,Episode - 6
1,Qhorin Halfhand,0,Episode - 7
1,Qhorin Halfhand,0,Episode - 8
1,Qhorin Halfhand,0,Episode - 9
1,Qhorin Halfhand,0,Episode - 10
1,Qhorin Halfhand,0,Episode - 11
1,Qhorin Halfhand,0,Episode - 12
1,Qhorin Halfhand,0,Episode - 13
1,Qhorin Halfhand,0,Episode - 14
1,Qhorin Halfhand,166,Episode - 15
1,Qhorin Halfhand,359,Episode - 16
1,Qhorin Halfhand,0,Episode - 17
1,Qhorin Halfhand,148,Episode - 18
1,Qhorin Halfhand,0,Episode - 19
1,Qhorin Halfhand,184,Episode - 20
1,Qhorin Halfhand,0,Episode - 21
1,Qhorin Halfhand,0,Episode - 22
1,Qhorin Halfhand,0,Episode - 23
1,Qhorin Halfhand,0,Episode - 24
1,Qhorin Halfhand,0,Episode - 25
1,Qhorin Halfhand,0,Episode - 26
1,Qhorin Halfhand,0,Episode - 27
1,Qhorin Halfhand,0,Episode - 28
1,Qhorin Halfhand,0,Episode - 29
1,Qhorin Halfhand,0,Episode - 30
1,Qhorin Halfhand,0,Episode - 31
1,Qhorin Halfhand,0,Episode - 32
1,Qhorin Halfhand,0,Episode - 33
1,Qhorin Halfhand,0,Episode - 34
1,Qhorin Halfhand,0,Episode - 35
1,Qhorin Halfhand,0,Episode - 36
1,Qhorin Halfhand,0,Episode - 37
1,Qhorin Halfhand,0,Episode - 38
1,Qhorin Halfhand,0,Episode - 39
1,Qhorin Halfhand,0,Episode - 40
1,Qhorin Halfhand,0,Episode - 41
1,Qhorin Halfhand,0,Episode - 42
1,Qhorin Halfhand,0,Episode - 43
1,Qhorin Halfhand,0,Episode - 44
1,Qhorin Halfhand,0,Episode - 45
1,Qhorin Halfhand,0,Episode - 46
1,Qhorin Halfhand,0,Episode - 47
1,Qhorin Halfhand,0,Episode - 48
1,Qhorin Halfhand,0,Episode - 49
1,Qhorin Halfhand,0,Episode - 50
1,Qhorin Halfhand,0,Episode - 51
1,Qhorin Halfhand,0,Episode - 52
1,Qhorin Halfhand,0,Episode - 53
1,Qhorin Halfhand,0,Episode - 54
1,Qhorin Halfhand,0,Episode - 55
1,Qhorin Halfhand,0,Episode - 56
1,Qhorin Halfhand,0,Episode - 57
1,Qhorin Halfhand,0,Episode - 58
1,Qhorin Halfhand,0,Episode - 59
1,Qhorin Halfhand,0,Episode - 60
1,Qhorin Halfhand,0,Episode - 61
1,Qhorin Halfhand,0,Episode - 62
1,Qhorin Halfhand,0,Episode - 63
1,Qhorin Halfhand,0,Episode - 64
1,Qhorin Halfhand,0,Episode - 65
1,Qhorin Halfhand,0,Episode - 66
1,Qhorin Halfhand,0,Episode - 67
1,Qhorin Halfhand,0,Episode - 68
1,Qhorin Halfhand,0,Episode - 69
1,Qhorin Halfhand,0,Episode - 70
1,Qhorin Halfhand,0,Episode - 71
1,Qhorin Halfhand,0,Episode - 72
1,Qhorin Halfhand,0,Episode - 73
1,Arya Stark,722,Episode - 1
1,Arya Stark,600,Episode - 2
1,Arya Stark,565,Episode - 3
1,Arya Stark,357,Episode - 4
1,Arya Stark,284,Episode - 5
1,Arya Stark,259,Episode - 6
1,Arya Stark,0,Episode - 7
1,Arya Stark,227,Episode - 8
1,Arya Stark,388,Episode - 9
1,Arya Stark,253,Episode - 10
1,Arya Stark,29,Episode - 11
1,Arya Stark,467,Episode - 12
1,Arya Stark,551,Episode - 13
1,Arya Stark,412,Episode - 14
1,Arya Stark,420,Episode - 15
1,Arya Stark,534,Episode - 16
1,Arya Stark,363,Episode - 17
1,Arya Stark,412,Episode - 18
1,Arya Stark,0,Episode - 19
1,Arya Stark,185,Episode - 20
1,Arya Stark,0,Episode - 21
1,Arya Stark,410,Episode - 22
1,Arya Stark,179,Episode - 23
1,Arya Stark,302,Episode - 24
1,Arya Stark,521,Episode - 25
1,Arya Stark,316,Episode - 26
1,Arya Stark,136,Episode - 27
1,Arya Stark,167,Episode - 28
1,Arya Stark,400,Episode - 29
1,Arya Stark,181,Episode - 30
1,Arya Stark,615,Episode - 31
1,Arya Stark,0,Episode - 32
1,Arya Stark,381,Episode - 33
1,Arya Stark,0,Episode - 34
1,Arya Stark,240,Episode - 35
1,Arya Stark,0,Episode - 36
1,Arya Stark,486,Episode - 37
1,Arya Stark,128,Episode - 38
1,Arya Stark,0,Episode - 39
1,Arya Stark,660,Episode - 40
1,Arya Stark,0,Episode - 41
1,Arya Stark,419,Episode - 42
1,Arya Stark,570,Episode - 43
1,Arya Stark,0,Episode - 44
1,Arya Stark,0,Episode - 45
1,Arya Stark,732,Episode - 46
1,Arya Stark,0,Episode - 47
1,Arya Stark,276,Episode - 48
1,Arya Stark,506,Episode - 49
1,Arya Stark,267,Episode - 50
1,Arya Stark,138,Episode - 51
1,Arya Stark,117,Episode - 52
1,Arya Stark,300,Episode - 53
1,Arya Stark,0,Episode - 54
1,Arya Stark,554,Episode - 55
1,Arya Stark,396,Episode - 56
1,Arya Stark,142,Episode - 57
1,Arya Stark,594,Episode - 58
1,Arya Stark,0,Episode - 59
1,Arya Stark,53,Episode - 60
1,Arya Stark,291,Episode - 61
1,Arya Stark,382,Episode - 62
1,Arya Stark,0,Episode - 63
1,Arya Stark,684,Episode - 64
1,Arya Stark,409,Episode - 65
1,Arya Stark,523,Episode - 66
1,Arya Stark,455,Episode - 67
1,Arya Stark,292,Episode - 68
1,Arya Stark,676,Episode - 69
1,Arya Stark,762,Episode - 70
1,Arya Stark,750,Episode - 71
1,Arya Stark,754,Episode - 72
1,Arya Stark,1123,Episode - 73
1,Sansa Stark,773,Episode - 1
1,Sansa Stark,523,Episode - 2
1,Sansa Stark,136,Episode - 3
1,Sansa Stark,352,Episode - 4
1,Sansa Stark,239,Episode - 5
1,Sansa Stark,320,Episode - 6
1,Sansa Stark,0,Episode - 7
1,Sansa Stark,564,Episode - 8
1,Sansa Stark,330,Episode - 9
1,Sansa Stark,371,Episode - 10
1,Sansa Stark,261,Episode - 11
1,Sansa Stark,0,Episode - 12
1,Sansa Stark,221,Episode - 13
1,Sansa Stark,172,Episode - 14
1,Sansa Stark,0,Episode - 15
1,Sansa Stark,288,Episode - 16
1,Sansa Stark,305,Episode - 17
1,Sansa Stark,0,Episode - 18
1,Sansa Stark,860,Episode - 19
1,Sansa Stark,348,Episode - 20
1,Sansa Stark,221,Episode - 21
1,Sansa Stark,412,Episode - 22
1,Sansa Stark,0,Episode - 23
1,Sansa Stark,168,Episode - 24
1,Sansa Stark,147,Episode - 25
1,Sansa Stark,220,Episode - 26
1,Sansa Stark,189,Episode - 27
1,Sansa Stark,866,Episode - 28
1,Sansa Stark,0,Episode - 29
1,Sansa Stark,146,Episode - 30
1,Sansa Stark,314,Episode - 31
1,Sansa Stark,1030,Episode - 32
1,Sansa Stark,233,Episode - 33
1,Sansa Stark,182,Episode - 34
1,Sansa Stark,494,Episode - 35
1,Sansa Stark,0,Episode - 36
1,Sansa Stark,498,Episode - 37
1,Sansa Stark,379,Episode - 38
1,Sansa Stark,0,Episode - 39
1,Sansa Stark,0,Episode - 40
1,Sansa Stark,120,Episode - 41
1,Sansa Stark,259,Episode - 42
1,Sansa Stark,302,Episode - 43
1,Sansa Stark,316,Episode - 44
1,Sansa Stark,544,Episode - 45
1,Sansa Stark,652,Episode - 46
1,Sansa Stark,355,Episode - 47
1,Sansa Stark,170,Episode - 48
1,Sansa Stark,0,Episode - 49
1,Sansa Stark,201,Episode - 50
1,Sansa Stark,404,Episode - 51
1,Sansa Stark,176,Episode - 52
1,Sansa Stark,0,Episode - 53
1,Sansa Stark,486,Episode - 54
1,Sansa Stark,565,Episode - 55
1,Sansa Stark,0,Episode - 56
1,Sansa Stark,786,Episode - 57
1,Sansa Stark,0,Episode - 58
1,Sansa Stark,847,Episode - 59
1,Sansa Stark,584,Episode - 60
1,Sansa Stark,555,Episode - 61
1,Sansa Stark,351,Episode - 62
1,Sansa Stark,321,Episode - 63
1,Sansa Stark,530,Episode - 64
1,Sansa Stark,178,Episode - 65
1,Sansa Stark,809,Episode - 66
1,Sansa Stark,692,Episode - 67
1,Sansa Stark,527,Episode - 68
1,Sansa Stark,784,Episode - 69
1,Sansa Stark,490,Episode - 70
1,Sansa Stark,1141,Episode - 71
1,Sansa Stark,0,Episode - 72
1,Sansa Stark,998,Episode - 73
1,Jon Snow,1099,Episode - 1
1,Jon Snow,839,Episode - 2
1,Jon Snow,616,Episode - 3
1,Jon Snow,867,Episode - 4
1,Jon Snow,0,Episode - 5
1,Jon Snow,0,Episode - 6
1,Jon Snow,661,Episode - 7
1,Jon Snow,444,Episode - 8
1,Jon Snow,454,Episode - 9
1,Jon Snow,343,Episode - 10
1,Jon Snow,374,Episode - 11
1,Jon Snow,255,Episode - 12
1,Jon Snow,151,Episode - 13
1,Jon Snow,0,Episode - 14
1,Jon Snow,326,Episode - 15
1,Jon Snow,706,Episode - 16
1,Jon Snow,463,Episode - 17
1,Jon Snow,159,Episode - 18
1,Jon Snow,0,Episode - 19
1,Jon Snow,224,Episode - 20
1,Jon Snow,435,Episode - 21
1,Jon Snow,160,Episode - 22
1,Jon Snow,136,Episode - 23
1,Jon Snow,0,Episode - 24
1,Jon Snow,379,Episode - 25
1,Jon Snow,645,Episode - 26
1,Jon Snow,394,Episode - 27
1,Jon Snow,0,Episode - 28
1,Jon Snow,311,Episode - 29
1,Jon Snow,160,Episode - 30
1,Jon Snow,214,Episode - 31
1,Jon Snow,0,Episode - 32
1,Jon Snow,162,Episode - 33
1,Jon Snow,520,Episode - 34
1,Jon Snow,441,Episode - 35
1,Jon Snow,0,Episode - 36
1,Jon Snow,170,Episode - 37
1,Jon Snow,111,Episode - 38
1,Jon Snow,1257,Episode - 39
1,Jon Snow,943,Episode - 40
1,Jon Snow,817,Episode - 41
1,Jon Snow,484,Episode - 42
1,Jon Snow,552,Episode - 43
1,Jon Snow,307,Episode - 44
1,Jon Snow,610,Episode - 45
1,Jon Snow,0,Episode - 46
1,Jon Snow,135,Episode - 47
1,Jon Snow,1449,Episode - 48
1,Jon Snow,171,Episode - 49
1,Jon Snow,541,Episode - 50
1,Jon Snow,472,Episode - 51
1,Jon Snow,455,Episode - 52
1,Jon Snow,617,Episode - 53
1,Jon Snow,521,Episode - 54
1,Jon Snow,240,Episode - 55
1,Jon Snow,0,Episode - 56
1,Jon Snow,745,Episode - 57
1,Jon Snow,0,Episode - 58
1,Jon Snow,1788,Episode - 59
1,Jon Snow,689,Episode - 60
1,Jon Snow,462,Episode - 61
1,Jon Snow,496,Episode - 62
1,Jon Snow,1193,Episode - 63
1,Jon Snow,654,Episode - 64
1,Jon Snow,924,Episode - 65
1,Jon Snow,2225,Episode - 66
1,Jon Snow,1886,Episode - 67
1,Jon Snow,1174,Episode - 68
1,Jon Snow,904,Episode - 69
1,Jon Snow,731,Episode - 70
1,Jon Snow,1373,Episode - 71
1,Jon Snow,805,Episode - 72
1,Jon Snow,2526,Episode - 73
1,Robert Baratheon,771,Episode - 1
1,Robert Baratheon,448,Episode - 2
1,Robert Baratheon,272,Episode - 3
1,Robert Baratheon,249,Episode - 4
1,Robert Baratheon,986,Episode - 5
1,Robert Baratheon,382,Episode - 6
1,Robert Baratheon,315,Episode - 7
1,Robert Baratheon,0,Episode - 8
1,Robert Baratheon,0,Episode - 9
1,Robert Baratheon,0,Episode - 10
1,Robert Baratheon,0,Episode - 11
1,Robert Baratheon,0,Episode - 12
1,Robert Baratheon,0,Episode - 13
1,Robert Baratheon,0,Episode - 14
1,Robert Baratheon,0,Episode - 15
1,Robert Baratheon,0,Episode - 16
1,Robert Baratheon,0,Episode - 17
1,Robert Baratheon,0,Episode - 18
1,Robert Baratheon,0,Episode - 19
1,Robert Baratheon,0,Episode - 20
1,Robert Baratheon,0,Episode - 21
1,Robert Baratheon,0,Episode - 22
1,Robert Baratheon,0,Episode - 23
1,Robert Baratheon,0,Episode - 24
1,Robert Baratheon,0,Episode - 25
1,Robert Baratheon,0,Episode - 26
1,Robert Baratheon,0,Episode - 27
1,Robert Baratheon,0,Episode - 28
1,Robert Baratheon,0,Episode - 29
1,Robert Baratheon,0,Episode - 30
1,Robert Baratheon,0,Episode - 31
1,Robert Baratheon,0,Episode - 32
1,Robert Baratheon,0,Episode - 33
1,Robert Baratheon,0,Episode - 34
1,Robert Baratheon,0,Episode - 35
1,Robert Baratheon,0,Episode - 36
1,Robert Baratheon,0,Episode - 37
1,Robert Baratheon,0,Episode - 38
1,Robert Baratheon,0,Episode - 39
1,Robert Baratheon,0,Episode - 40
1,Robert Baratheon,0,Episode - 41
1,Robert Baratheon,0,Episode - 42
1,Robert Baratheon,0,Episode - 43
1,Robert Baratheon,0,Episode - 44
1,Robert Baratheon,0,Episode - 45
1,Robert Baratheon,0,Episode - 46
1,Robert Baratheon,0,Episode - 47
1,Robert Baratheon,0,Episode - 48
1,Robert Baratheon,0,Episode - 49
1,Robert Baratheon,0,Episode - 50
1,Robert Baratheon,0,Episode - 51
1,Robert Baratheon,0,Episode - 52
1,Robert Baratheon,0,Episode - 53
1,Robert Baratheon,0,Episode - 54
1,Robert Baratheon,0,Episode - 55
1,Robert Baratheon,0,Episode - 56
1,Robert Baratheon,0,Episode - 57
1,Robert Baratheon,0,Episode - 58
1,Robert Baratheon,0,Episode - 59
1,Robert Baratheon,0,Episode - 60
1,Robert Baratheon,0,Episode - 61
1,Robert Baratheon,0,Episode - 62
1,Robert Baratheon,0,Episode - 63
1,Robert Baratheon,0,Episode - 64
1,Robert Baratheon,0,Episode - 65
1,Robert Baratheon,0,Episode - 66
1,Robert Baratheon,0,Episode - 67
1,Robert Baratheon,0,Episode - 68
1,Robert Baratheon,0,Episode - 69
1,Robert Baratheon,0,Episode - 70
1,Robert Baratheon,0,Episode - 71
1,Robert Baratheon,0,Episode - 72
1,Robert Baratheon,0,Episode - 73
1,Petyr Baelish,0,Episode - 1
1,Petyr Baelish,0,Episode - 2
1,Petyr Baelish,467,Episode - 3
1,Petyr Baelish,501,Episode - 4
1,Petyr Baelish,966,Episode - 5
1,Petyr Baelish,245,Episode - 6
1,Petyr Baelish,778,Episode - 7
1,Petyr Baelish,501,Episode - 8
1,Petyr Baelish,330,Episode - 9
1,Petyr Baelish,126,Episode - 10
1,Petyr Baelish,304,Episode - 11
1,Petyr Baelish,390,Episode - 12
1,Petyr Baelish,191,Episode - 13
1,Petyr Baelish,449,Episode - 14
1,Petyr Baelish,166,Episode - 15
1,Petyr Baelish,178,Episode - 16
1,Petyr Baelish,0,Episode - 17
1,Petyr Baelish,0,Episode - 18
1,Petyr Baelish,0,Episode - 19
1,Petyr Baelish,348,Episode - 20
1,Petyr Baelish,158,Episode - 21
1,Petyr Baelish,0,Episode - 22
1,Petyr Baelish,371,Episode - 23
1,Petyr Baelish,0,Episode - 24
1,Petyr Baelish,169,Episode - 25
1,Petyr Baelish,144,Episode - 26
1,Petyr Baelish,0,Episode - 27
1,Petyr Baelish,0,Episode - 28
1,Petyr Baelish,0,Episode - 29
1,Petyr Baelish,0,Episode - 30
1,Petyr Baelish,0,Episode - 31
1,Petyr Baelish,0,Episode - 32
1,Petyr Baelish,136,Episode - 33
1,Petyr Baelish,182,Episode - 34
1,Petyr Baelish,402,Episode - 35
1,Petyr Baelish,0,Episode - 36
1,Petyr Baelish,219,Episode - 37
1,Petyr Baelish,644,Episode - 38
1,Petyr Baelish,0,Episode - 39
1,Petyr Baelish,0,Episode - 40
1,Petyr Baelish,120,Episode - 41
1,Petyr Baelish,259,Episode - 42
1,Petyr Baelish,427,Episode - 43
1,Petyr Baelish,270,Episode - 44
1,Petyr Baelish,0,Episode - 45
1,Petyr Baelish,306,Episode - 46
1,Petyr Baelish,139,Episode - 47
1,Petyr Baelish,0,Episode - 48
1,Petyr Baelish,0,Episode - 49
1,Petyr Baelish,0,Episode - 50
1,Petyr Baelish,0,Episode - 51
1,Petyr Baelish,0,Episode - 52
1,Petyr Baelish,0,Episode - 53
1,Petyr Baelish,194,Episode - 54
1,Petyr Baelish,254,Episode - 55
1,Petyr Baelish,0,Episode - 56
1,Petyr Baelish,0,Episode - 57
1,Petyr Baelish,0,Episode - 58
1,Petyr Baelish,51,Episode - 59
1,Petyr Baelish,443,Episode - 60
1,Petyr Baelish,393,Episode - 61
1,Petyr Baelish,357,Episode - 62
1,Petyr Baelish,157,Episode - 63
1,Petyr Baelish,292,Episode - 64
1,Petyr Baelish,146,Episode - 65
1,Petyr Baelish,117,Episode - 66
1,Petyr Baelish,549,Episode - 67
1,Petyr Baelish,0,Episode - 68
1,Petyr Baelish,0,Episode - 69
1,Petyr Baelish,0,Episode - 70
1,Petyr Baelish,0,Episode - 71
1,Petyr Baelish,0,Episode - 72
1,Petyr Baelish,0,Episode - 73
1,Samwell Tarly,0,Episode - 1
1,Samwell Tarly,0,Episode - 2
1,Samwell Tarly,0,Episode - 3
1,Samwell Tarly,780,Episode - 4
1,Samwell Tarly,0,Episode - 5
1,Samwell Tarly,0,Episode - 6
1,Samwell Tarly,661,Episode - 7
1,Samwell Tarly,214,Episode - 8
1,Samwell Tarly,83,Episode - 9
1,Samwell Tarly,180,Episode - 10
1,Samwell Tarly,103,Episode - 11
1,Samwell Tarly,258,Episode - 12
1,Samwell Tarly,203,Episode - 13
1,Samwell Tarly,0,Episode - 14
1,Samwell Tarly,326,Episode - 15
1,Samwell Tarly,0,Episode - 16
1,Samwell Tarly,0,Episode - 17
1,Samwell Tarly,143,Episode - 18
1,Samwell Tarly,0,Episode - 19
1,Samwell Tarly,192,Episode - 20
1,Samwell Tarly,180,Episode - 21
1,Samwell Tarly,160,Episode - 22
1,Samwell Tarly,208,Episode - 23
1,Samwell Tarly,348,Episode - 24
1,Samwell Tarly,0,Episode - 25
1,Samwell Tarly,199,Episode - 26
1,Samwell Tarly,0,Episode - 27
1,Samwell Tarly,425,Episode - 28
1,Samwell Tarly,98,Episode - 29
1,Samwell Tarly,456,Episode - 30
1,Samwell Tarly,88,Episode - 31
1,Samwell Tarly,0,Episode - 32
1,Samwell Tarly,365,Episode - 33
1,Samwell Tarly,89,Episode - 34
1,Samwell Tarly,0,Episode - 35
1,Samwell Tarly,0,Episode - 36
1,Samwell Tarly,170,Episode - 37
1,Samwell Tarly,111,Episode - 38
1,Samwell Tarly,1388,Episode - 39
1,Samwell Tarly,62,Episode - 40
1,Samwell Tarly,348,Episode - 41
1,Samwell Tarly,495,Episode - 42
1,Samwell Tarly,286,Episode - 43
1,Samwell Tarly,93,Episode - 44
1,Samwell Tarly,414,Episode - 45
1,Samwell Tarly,0,Episode - 46
1,Samwell Tarly,598,Episode - 47
1,Samwell Tarly,182,Episode - 48
1,Samwell Tarly,74,Episode - 49
1,Samwell Tarly,252,Episode - 50
1,Samwell Tarly,0,Episode - 51
1,Samwell Tarly,0,Episode - 52
1,Samwell Tarly,229,Episode - 53
1,Samwell Tarly,0,Episode - 54
1,Samwell Tarly,0,Episode - 55
1,Samwell Tarly,792,Episode - 56
1,Samwell Tarly,0,Episode - 57
1,Samwell Tarly,0,Episode - 58
1,Samwell Tarly,0,Episode - 59
1,Samwell Tarly,247,Episode - 60
1,Samwell Tarly,559,Episode - 61
1,Samwell Tarly,420,Episode - 62
1,Samwell Tarly,255,Episode - 63
1,Samwell Tarly,0,Episode - 64
1,Samwell Tarly,365,Episode - 65
1,Samwell Tarly,0,Episode - 66
1,Samwell Tarly,148,Episode - 67
1,Samwell Tarly,427,Episode - 68
1,Samwell Tarly,528,Episode - 69
1,Samwell Tarly,376,Episode - 70
1,Samwell Tarly,539,Episode - 71
1,Samwell Tarly,0,Episode - 72
1,Samwell Tarly,1001,Episode - 73
1,Brienne of Tarth,0,Episode - 1
1,Brienne of Tarth,0,Episode - 2
1,Brienne of Tarth,0,Episode - 3
1,Brienne of Tarth,0,Episode - 4
1,Brienne of Tarth,0,Episode - 5
1,Brienne of Tarth,0,Episode - 6
1,Brienne of Tarth,0,Episode - 7
1,Brienne of Tarth,0,Episode - 8
1,Brienne of Tarth,0,Episode - 9
1,Brienne of Tarth,0,Episode - 10
1,Brienne of Tarth,0,Episode - 11
1,Brienne of Tarth,0,Episode - 12
1,Brienne of Tarth,329,Episode - 13
1,Brienne of Tarth,301,Episode - 14
1,Brienne of Tarth,391,Episode - 15
1,Brienne of Tarth,80,Episode - 16
1,Brienne of Tarth,327,Episode - 17
1,Brienne of Tarth,143,Episode - 18
1,Brienne of Tarth,0,Episode - 19
1,Brienne of Tarth,298,Episode - 20
1,Brienne of Tarth,0,Episode - 21
1,Brienne of Tarth,471,Episode - 22
1,Brienne of Tarth,250,Episode - 23
1,Brienne of Tarth,300,Episode - 24
1,Brienne of Tarth,514,Episode - 25
1,Brienne of Tarth,138,Episode - 26
1,Brienne of Tarth,300,Episode - 27
1,Brienne of Tarth,0,Episode - 28
1,Brienne of Tarth,0,Episode - 29
1,Brienne of Tarth,36,Episode - 30
1,Brienne of Tarth,137,Episode - 31
1,Brienne of Tarth,115,Episode - 32
1,Brienne of Tarth,0,Episode - 33
1,Brienne of Tarth,266,Episode - 34
1,Brienne of Tarth,249,Episode - 35
1,Brienne of Tarth,0,Episode - 36
1,Brienne of Tarth,315,Episode - 37
1,Brienne of Tarth,0,Episode - 38
1,Brienne of Tarth,0,Episode - 39
1,Brienne of Tarth,454,Episode - 40
1,Brienne of Tarth,92,Episode - 41
1,Brienne of Tarth,458,Episode - 42
1,Brienne of Tarth,339,Episode - 43
1,Brienne of Tarth,0,Episode - 44
1,Brienne of Tarth,126,Episode - 45
1,Brienne of Tarth,0,Episode - 46
1,Brienne of Tarth,8,Episode - 47
1,Brienne of Tarth,0,Episode - 48
1,Brienne of Tarth,0,Episode - 49
1,Brienne of Tarth,140,Episode - 50
1,Brienne of Tarth,200,Episode - 51
1,Brienne of Tarth,176,Episode - 52
1,Brienne of Tarth,0,Episode - 53
1,Brienne of Tarth,356,Episode - 54
1,Brienne of Tarth,532,Episode - 55
1,Brienne of Tarth,0,Episode - 56
1,Brienne of Tarth,0,Episode - 57
1,Brienne of Tarth,485,Episode - 58
1,Brienne of Tarth,0,Episode - 59
1,Brienne of Tarth,0,Episode - 60
1,Brienne of Tarth,390,Episode - 61
1,Brienne of Tarth,237,Episode - 62
1,Brienne of Tarth,0,Episode - 63
1,Brienne of Tarth,243,Episode - 64
1,Brienne of Tarth,0,Episode - 65
1,Brienne of Tarth,105,Episode - 66
1,Brienne of Tarth,1338,Episode - 67
1,Brienne of Tarth,231,Episode - 68
1,Brienne of Tarth,1060,Episode - 69
1,Brienne of Tarth,326,Episode - 70
1,Brienne of Tarth,1153,Episode - 71
1,Brienne of Tarth,0,Episode - 72
1,Brienne of Tarth,1047,Episode - 73
1,Qyburn,0,Episode - 1
1,Qyburn,0,Episode - 2
1,Qyburn,0,Episode - 3
1,Qyburn,0,Episode - 4
1,Qyburn,0,Episode - 5
1,Qyburn,0,Episode - 6
1,Qyburn,0,Episode - 7
1,Qyburn,0,Episode - 8
1,Qyburn,0,Episode - 9
1,Qyburn,0,Episode - 10
1,Qyburn,0,Episode - 11
1,Qyburn,0,Episode - 12
1,Qyburn,0,Episode - 13
1,Qyburn,0,Episode - 14
1,Qyburn,0,Episode - 15
1,Qyburn,0,Episode - 16
1,Qyburn,0,Episode - 17
1,Qyburn,0,Episode - 18
1,Qyburn,0,Episode - 19
1,Qyburn,0,Episode - 20
1,Qyburn,105,Episode - 21
1,Qyburn,0,Episode - 22
1,Qyburn,0,Episode - 23
1,Qyburn,0,Episode - 24
1,Qyburn,99,Episode - 25
1,Qyburn,0,Episode - 26
1,Qyburn,455,Episode - 27
1,Qyburn,0,Episode - 28
1,Qyburn,0,Episode - 29
1,Qyburn,36,Episode - 30
1,Qyburn,65,Episode - 31
1,Qyburn,0,Episode - 32
1,Qyburn,0,Episode - 33
1,Qyburn,0,Episode - 34
1,Qyburn,0,Episode - 35
1,Qyburn,0,Episode - 36
1,Qyburn,0,Episode - 37
1,Qyburn,0,Episode - 38
1,Qyburn,0,Episode - 39
1,Qyburn,128,Episode - 40
1,Qyburn,0,Episode - 41
1,Qyburn,213,Episode - 42
1,Qyburn,151,Episode - 43
1,Qyburn,94,Episode - 44
1,Qyburn,0,Episode - 45
1,Qyburn,0,Episode - 46
1,Qyburn,0,Episode - 47
1,Qyburn,167,Episode - 48
1,Qyburn,0,Episode - 49
1,Qyburn,70,Episode - 50
1,Qyburn,0,Episode - 51
1,Qyburn,0,Episode - 52
1,Qyburn,164,Episode - 53
1,Qyburn,0,Episode - 54
1,Qyburn,0,Episode - 55
1,Qyburn,0,Episode - 56
1,Qyburn,0,Episode - 57
1,Qyburn,352,Episode - 58
1,Qyburn,0,Episode - 59
1,Qyburn,285,Episode - 60
1,Qyburn,237,Episode - 61
1,Qyburn,205,Episode - 62
1,Qyburn,433,Episode - 63
1,Qyburn,0,Episode - 64
1,Qyburn,27,Episode - 65
1,Qyburn,0,Episode - 66
1,Qyburn,939,Episode - 67
1,Qyburn,318,Episode - 68
1,Qyburn,0,Episode - 69
1,Qyburn,0,Episode - 70
1,Qyburn,467,Episode - 71
1,Qyburn,233,Episode - 72
1,Qyburn,0,Episode - 73
1,Arianne Martell,0,Episode - 1
1,Arianne Martell,0,Episode - 2
1,Arianne Martell,0,Episode - 3
1,Arianne Martell,0,Episode - 4
1,Arianne Martell,0,Episode - 5
1,Arianne Martell,0,Episode - 6
1,Arianne Martell,0,Episode - 7
1,Arianne Martell,0,Episode - 8
1,Arianne Martell,0,Episode - 9
1,Arianne Martell,0,Episode - 10
1,Arianne Martell,0,Episode - 11
1,Arianne Martell,0,Episode - 12
1,Arianne Martell,0,Episode - 13
1,Arianne Martell,0,Episode - 14
1,Arianne Martell,0,Episode - 15
1,Arianne Martell,0,Episode - 16
1,Arianne Martell,0,Episode - 17
1,Arianne Martell,0,Episode - 18
1,Arianne Martell,0,Episode - 19
1,Arianne Martell,0,Episode - 20
1,Arianne Martell,0,Episode - 21
1,Arianne Martell,0,Episode - 22
1,Arianne Martell,0,Episode - 23
1,Arianne Martell,0,Episode - 24
1,Arianne Martell,0,Episode - 25
1,Arianne Martell,0,Episode - 26
1,Arianne Martell,0,Episode - 27
1,Arianne Martell,0,Episode - 28
1,Arianne Martell,0,Episode - 29
1,Arianne Martell,0,Episode - 30
1,Arianne Martell,0,Episode - 31
1,Arianne Martell,0,Episode - 32
1,Arianne Martell,0,Episode - 33
1,Arianne Martell,0,Episode - 34
1,Arianne Martell,0,Episode - 35
1,Arianne Martell,0,Episode - 36
1,Arianne Martell,0,Episode - 37
1,Arianne Martell,0,Episode - 38
1,Arianne Martell,0,Episode - 39
1,Arianne Martell,0,Episode - 40
1,Arianne Martell,0,Episode - 41
1,Arianne Martell,0,Episode - 42
1,Arianne Martell,0,Episode - 43
1,Arianne Martell,0,Episode - 44
1,Arianne Martell,0,Episode - 45
1,Arianne Martell,0,Episode - 46
1,Arianne Martell,0,Episode - 47
1,Arianne Martell,0,Episode - 48
1,Arianne Martell,0,Episode - 49
1,Arianne Martell,0,Episode - 50
1,Arianne Martell,0,Episode - 51
1,Arianne Martell,0,Episode - 52
1,Arianne Martell,0,Episode - 53
1,Arianne Martell,0,Episode - 54
1,Arianne Martell,0,Episode - 55
1,Arianne Martell,0,Episode - 56
1,Arianne Martell,0,Episode - 57
1,Arianne Martell,0,Episode - 58
1,Arianne Martell,0,Episode - 59
1,Arianne Martell,0,Episode - 60
1,Arianne Martell,0,Episode - 61
1,Arianne Martell,0,Episode - 62
1,Arianne Martell,0,Episode - 63
1,Arianne Martell,0,Episode - 64
1,Arianne Martell,0,Episode - 65
1,Arianne Martell,0,Episode - 66
1,Arianne Martell,0,Episode - 67
1,Arianne Martell,0,Episode - 68
1,Arianne Martell,0,Episode - 69
1,Arianne Martell,0,Episode - 70
1,Arianne Martell,0,Episode - 71
1,Arianne Martell,0,Episode - 72
1,Arianne Martell,0,Episode - 73
1,Tommen Baratheon,337,Episode - 1
1,Tommen Baratheon,133,Episode - 2
1,Tommen Baratheon,0,Episode - 3
1,Tommen Baratheon,249,Episode - 4
1,Tommen Baratheon,239,Episode - 5
1,Tommen Baratheon,0,Episode - 6
1,Tommen Baratheon,0,Episode - 7
1,Tommen Baratheon,0,Episode - 8
1,Tommen Baratheon,0,Episode - 9
1,Tommen Baratheon,0,Episode - 10
1,Tommen Baratheon,222,Episode - 11
1,Tommen Baratheon,0,Episode - 12
1,Tommen Baratheon,88,Episode - 13
1,Tommen Baratheon,0,Episode - 14
1,Tommen Baratheon,0,Episode - 15
1,Tommen Baratheon,118,Episode - 16
1,Tommen Baratheon,0,Episode - 17
1,Tommen Baratheon,0,Episode - 18
1,Tommen Baratheon,296,Episode - 19
1,Tommen Baratheon,0,Episode - 20
1,Tommen Baratheon,0,Episode - 21
1,Tommen Baratheon,0,Episode - 22
1,Tommen Baratheon,0,Episode - 23
1,Tommen Baratheon,0,Episode - 24
1,Tommen Baratheon,0,Episode - 25
1,Tommen Baratheon,0,Episode - 26
1,Tommen Baratheon,0,Episode - 27
1,Tommen Baratheon,0,Episode - 28
1,Tommen Baratheon,0,Episode - 29
1,Tommen Baratheon,0,Episode - 30
1,Tommen Baratheon,0,Episode - 31
1,Tommen Baratheon,924,Episode - 32
1,Tommen Baratheon,270,Episode - 33
1,Tommen Baratheon,216,Episode - 34
1,Tommen Baratheon,164,Episode - 35
1,Tommen Baratheon,112,Episode - 36
1,Tommen Baratheon,0,Episode - 37
1,Tommen Baratheon,0,Episode - 38
1,Tommen Baratheon,0,Episode - 39
1,Tommen Baratheon,0,Episode - 40
1,Tommen Baratheon,33,Episode - 41
1,Tommen Baratheon,0,Episode - 42
1,Tommen Baratheon,281,Episode - 43
1,Tommen Baratheon,240,Episode - 44
1,Tommen Baratheon,0,Episode - 45
1,Tommen Baratheon,268,Episode - 46
1,Tommen Baratheon,190,Episode - 47
1,Tommen Baratheon,0,Episode - 48
1,Tommen Baratheon,0,Episode - 49
1,Tommen Baratheon,0,Episode - 50
1,Tommen Baratheon,0,Episode - 51
1,Tommen Baratheon,254,Episode - 52
1,Tommen Baratheon,228,Episode - 53
1,Tommen Baratheon,196,Episode - 54
1,Tommen Baratheon,0,Episode - 55
1,Tommen Baratheon,405,Episode - 56
1,Tommen Baratheon,0,Episode - 57
1,Tommen Baratheon,163,Episode - 58
1,Tommen Baratheon,0,Episode - 59
1,Tommen Baratheon,229,Episode - 60
1,Tommen Baratheon,0,Episode - 61
1,Tommen Baratheon,0,Episode - 62
1,Tommen Baratheon,0,Episode - 63
1,Tommen Baratheon,0,Episode - 64
1,Tommen Baratheon,0,Episode - 65
1,Tommen Baratheon,0,Episode - 66
1,Tommen Baratheon,0,Episode - 67
1,Tommen Baratheon,0,Episode - 68
1,Tommen Baratheon,0,Episode - 69
1,Tommen Baratheon,0,Episode - 70
1,Tommen Baratheon,0,Episode - 71
1,Tommen Baratheon,0,Episode - 72
1,Tommen Baratheon,0,Episode - 73
1,Jaime Lannister,893,Episode - 1
1,Jaime Lannister,235,Episode - 2
1,Jaime Lannister,496,Episode - 3
1,Jaime Lannister,117,Episode - 4
1,Jaime Lannister,193,Episode - 5
1,Jaime Lannister,0,Episode - 6
1,Jaime Lannister,283,Episode - 7
1,Jaime Lannister,0,Episode - 8
1,Jaime Lannister,123,Episode - 9
1,Jaime Lannister,183,Episode - 10
1,Jaime Lannister,208,Episode - 11
1,Jaime Lannister,0,Episode - 12
1,Jaime Lannister,0,Episode - 13
1,Jaime Lannister,0,Episode - 14
1,Jaime Lannister,0,Episode - 15
1,Jaime Lannister,0,Episode - 16
1,Jaime Lannister,714,Episode - 17
1,Jaime Lannister,143,Episode - 18
1,Jaime Lannister,0,Episode - 19
1,Jaime Lannister,298,Episode - 20
1,Jaime Lannister,0,Episode - 21
1,Jaime Lannister,471,Episode - 22
1,Jaime Lannister,437,Episode - 23
1,Jaime Lannister,300,Episode - 24
1,Jaime Lannister,613,Episode - 25
1,Jaime Lannister,138,Episode - 26
1,Jaime Lannister,634,Episode - 27
1,Jaime Lannister,0,Episode - 28
1,Jaime Lannister,0,Episode - 29
1,Jaime Lannister,81,Episode - 30
1,Jaime Lannister,561,Episode - 31
1,Jaime Lannister,524,Episode - 32
1,Jaime Lannister,226,Episode - 33
1,Jaime Lannister,713,Episode - 34
1,Jaime Lannister,72,Episode - 35
1,Jaime Lannister,1148,Episode - 36
1,Jaime Lannister,182,Episode - 37
1,Jaime Lannister,645,Episode - 38
1,Jaime Lannister,0,Episode - 39
1,Jaime Lannister,198,Episode - 40
1,Jaime Lannister,136,Episode - 41
1,Jaime Lannister,229,Episode - 42
1,Jaime Lannister,0,Episode - 43
1,Jaime Lannister,558,Episode - 44
1,Jaime Lannister,0,Episode - 45
1,Jaime Lannister,264,Episode - 46
1,Jaime Lannister,77,Episode - 47
1,Jaime Lannister,0,Episode - 48
1,Jaime Lannister,373,Episode - 49
1,Jaime Lannister,252,Episode - 50
1,Jaime Lannister,221,Episode - 51
1,Jaime Lannister,284,Episode - 52
1,Jaime Lannister,230,Episode - 53
1,Jaime Lannister,156,Episode - 54
1,Jaime Lannister,0,Episode - 55
1,Jaime Lannister,499,Episode - 56
1,Jaime Lannister,502,Episode - 57
1,Jaime Lannister,690,Episode - 58
1,Jaime Lannister,0,Episode - 59
1,Jaime Lannister,366,Episode - 60
1,Jaime Lannister,526,Episode - 61
1,Jaime Lannister,231,Episode - 62
1,Jaime Lannister,646,Episode - 63
1,Jaime Lannister,637,Episode - 64
1,Jaime Lannister,589,Episode - 65
1,Jaime Lannister,0,Episode - 66
1,Jaime Lannister,1445,Episode - 67
1,Jaime Lannister,74,Episode - 68
1,Jaime Lannister,1386,Episode - 69
1,Jaime Lannister,356,Episode - 70
1,Jaime Lannister,1175,Episode - 71
1,Jaime Lannister,814,Episode - 72
1,Jaime Lannister,130,Episode - 73
1,Margaery Tyrell,0,Episode - 1
1,Margaery Tyrell,0,Episode - 2
1,Margaery Tyrell,0,Episode - 3
1,Margaery Tyrell,0,Episode - 4
1,Margaery Tyrell,0,Episode - 5
1,Margaery Tyrell,0,Episode - 6
1,Margaery Tyrell,0,Episode - 7
1,Margaery Tyrell,0,Episode - 8
1,Margaery Tyrell,0,Episode - 9
1,Margaery Tyrell,0,Episode - 10
1,Margaery Tyrell,0,Episode - 11
1,Margaery Tyrell,0,Episode - 12
1,Margaery Tyrell,441,Episode - 13
1,Margaery Tyrell,113,Episode - 14
1,Margaery Tyrell,149,Episode - 15
1,Margaery Tyrell,0,Episode - 16
1,Margaery Tyrell,0,Episode - 17
1,Margaery Tyrell,0,Episode - 18
1,Margaery Tyrell,0,Episode - 19
1,Margaery Tyrell,273,Episode - 20
1,Margaery Tyrell,296,Episode - 21
1,Margaery Tyrell,588,Episode - 22
1,Margaery Tyrell,0,Episode - 23
1,Margaery Tyrell,368,Episode - 24
1,Margaery Tyrell,46,Episode - 25
1,Margaery Tyrell,0,Episode - 26
1,Margaery Tyrell,189,Episode - 27
1,Margaery Tyrell,474,Episode - 28
1,Margaery Tyrell,0,Episode - 29
1,Margaery Tyrell,0,Episode - 30
1,Margaery Tyrell,126,Episode - 31
1,Margaery Tyrell,914,Episode - 32
1,Margaery Tyrell,99,Episode - 33
1,Margaery Tyrell,322,Episode - 34
1,Margaery Tyrell,285,Episode - 35
1,Margaery Tyrell,747,Episode - 36
1,Margaery Tyrell,0,Episode - 37
1,Margaery Tyrell,0,Episode - 38
1,Margaery Tyrell,0,Episode - 39
1,Margaery Tyrell,0,Episode - 40
1,Margaery Tyrell,201,Episode - 41
1,Margaery Tyrell,0,Episode - 42
1,Margaery Tyrell,323,Episode - 43
1,Margaery Tyrell,117,Episode - 44
1,Margaery Tyrell,0,Episode - 45
1,Margaery Tyrell,301,Episode - 46
1,Margaery Tyrell,149,Episode - 47
1,Margaery Tyrell,0,Episode - 48
1,Margaery Tyrell,0,Episode - 49
1,Margaery Tyrell,0,Episode - 50
1,Margaery Tyrell,124,Episode - 51
1,Margaery Tyrell,0,Episode - 52
1,Margaery Tyrell,0,Episode - 53
1,Margaery Tyrell,396,Episode - 54
1,Margaery Tyrell,0,Episode - 55
1,Margaery Tyrell,456,Episode - 56
1,Margaery Tyrell,306,Episode - 57
1,Margaery Tyrell,0,Episode - 58
1,Margaery Tyrell,0,Episode - 59
1,Margaery Tyrell,495,Episode - 60
1,Margaery Tyrell,0,Episode - 61
1,Margaery Tyrell,0,Episode - 62
1,Margaery Tyrell,0,Episode - 63
1,Margaery Tyrell,0,Episode - 64
1,Margaery Tyrell,0,Episode - 65
1,Margaery Tyrell,0,Episode - 66
1,Margaery Tyrell,0,Episode - 67
1,Margaery Tyrell,0,Episode - 68
1,Margaery Tyrell,0,Episode - 69
1,Margaery Tyrell,0,Episode - 70
1,Margaery Tyrell,0,Episode - 71
1,Margaery Tyrell,0,Episode - 72
1,Margaery Tyrell,0,Episode - 73
1,Tywin Lannister,0,Episode - 1
1,Tywin Lannister,0,Episode - 2
1,Tywin Lannister,0,Episode - 3
1,Tywin Lannister,0,Episode - 4
1,Tywin Lannister,0,Episode - 5
1,Tywin Lannister,0,Episode - 6
1,Tywin Lannister,283,Episode - 7
1,Tywin Lannister,198,Episode - 8
1,Tywin Lannister,207,Episode - 9
1,Tywin Lannister,194,Episode - 10
1,Tywin Lannister,0,Episode - 11
1,Tywin Lannister,0,Episode - 12
1,Tywin Lannister,0,Episode - 13
1,Tywin Lannister,95,Episode - 14
1,Tywin Lannister,190,Episode - 15
1,Tywin Lannister,436,Episode - 16
1,Tywin Lannister,363,Episode - 17
1,Tywin Lannister,112,Episode - 18
1,Tywin Lannister,19,Episode - 19
1,Tywin Lannister,63,Episode - 20
1,Tywin Lannister,297,Episode - 21
1,Tywin Lannister,0,Episode - 22
1,Tywin Lannister,244,Episode - 23
1,Tywin Lannister,167,Episode - 24
1,Tywin Lannister,218,Episode - 25
1,Tywin Lannister,225,Episode - 26
1,Tywin Lannister,208,Episode - 27
1,Tywin Lannister,435,Episode - 28
1,Tywin Lannister,0,Episode - 29
1,Tywin Lannister,424,Episode - 30
1,Tywin Lannister,273,Episode - 31
1,Tywin Lannister,1023,Episode - 32
1,Tywin Lannister,535,Episode - 33
1,Tywin Lannister,0,Episode - 34
1,Tywin Lannister,371,Episode - 35
1,Tywin Lannister,1248,Episode - 36
1,Tywin Lannister,0,Episode - 37
1,Tywin Lannister,300,Episode - 38
1,Tywin Lannister,0,Episode - 39
1,Tywin Lannister,351,Episode - 40
1,Tywin Lannister,136,Episode - 41
1,Tywin Lannister,0,Episode - 42
1,Tywin Lannister,0,Episode - 43
1,Tywin Lannister,0,Episode - 44
1,Tywin Lannister,0,Episode - 45
1,Tywin Lannister,0,Episode - 46
1,Tywin Lannister,0,Episode - 47
1,Tywin Lannister,0,Episode - 48
1,Tywin Lannister,0,Episode - 49
1,Tywin Lannister,0,Episode - 50
1,Tywin Lannister,0,Episode - 51
1,Tywin Lannister,0,Episode - 52
1,Tywin Lannister,0,Episode - 53
1,Tywin Lannister,0,Episode - 54
1,Tywin Lannister,0,Episode - 55
1,Tywin Lannister,0,Episode - 56
1,Tywin Lannister,0,Episode - 57
1,Tywin Lannister,0,Episode - 58
1,Tywin Lannister,0,Episode - 59
1,Tywin Lannister,0,Episode - 60
1,Tywin Lannister,0,Episode - 61
1,Tywin Lannister,0,Episode - 62
1,Tywin Lannister,0,Episode - 63
1,Tywin Lannister,0,Episode - 64
1,Tywin Lannister,0,Episode - 65
1,Tywin Lannister,0,Episode - 66
1,Tywin Lannister,0,Episode - 67
1,Tywin Lannister,0,Episode - 68
1,Tywin Lannister,0,Episode - 69
1,Tywin Lannister,0,Episode - 70
1,Tywin Lannister,0,Episode - 71
1,Tywin Lannister,0,Episode - 72
1,Tywin Lannister,0,Episode - 73
1,Euron Greyjoy,0,Episode - 1
1,Euron Greyjoy,0,Episode - 2
1,Euron Greyjoy,0,Episode - 3
1,Euron Greyjoy,0,Episode - 4
1,Euron Greyjoy,0,Episode - 5
1,Euron Greyjoy,0,Episode - 6
1,Euron Greyjoy,0,Episode - 7
1,Euron Greyjoy,0,Episode - 8
1,Euron Greyjoy,0,Episode - 9
1,Euron Greyjoy,0,Episode - 10
1,Euron Greyjoy,0,Episode - 11
1,Euron Greyjoy,0,Episode - 12
1,Euron Greyjoy,0,Episode - 13
1,Euron Greyjoy,0,Episode - 14
1,Euron Greyjoy,0,Episode - 15
1,Euron Greyjoy,0,Episode - 16
1,Euron Greyjoy,0,Episode - 17
1,Euron Greyjoy,0,Episode - 18
1,Euron Greyjoy,0,Episode - 19
1,Euron Greyjoy,0,Episode - 20
1,Euron Greyjoy,0,Episode - 21
1,Euron Greyjoy,0,Episode - 22
1,Euron Greyjoy,0,Episode - 23
1,Euron Greyjoy,0,Episode - 24
1,Euron Greyjoy,0,Episode - 25
1,Euron Greyjoy,0,Episode - 26
1,Euron Greyjoy,0,Episode - 27
1,Euron Greyjoy,0,Episode - 28
1,Euron Greyjoy,0,Episode - 29
1,Euron Greyjoy,0,Episode - 30
1,Euron Greyjoy,0,Episode - 31
1,Euron Greyjoy,0,Episode - 32
1,Euron Greyjoy,0,Episode - 33
1,Euron Greyjoy,0,Episode - 34
1,Euron Greyjoy,0,Episode - 35
1,Euron Greyjoy,0,Episode - 36
1,Euron Greyjoy,0,Episode - 37
1,Euron Greyjoy,0,Episode - 38
1,Euron Greyjoy,0,Episode - 39
1,Euron Greyjoy,0,Episode - 40
1,Euron Greyjoy,0,Episode - 41
1,Euron Greyjoy,0,Episode - 42
1,Euron Greyjoy,0,Episode - 43
1,Euron Greyjoy,0,Episode - 44
1,Euron Greyjoy,0,Episode - 45
1,Euron Greyjoy,0,Episode - 46
1,Euron Greyjoy,0,Episode - 47
1,Euron Greyjoy,0,Episode - 48
1,Euron Greyjoy,0,Episode - 49
1,Euron Greyjoy,0,Episode - 50
1,Euron Greyjoy,0,Episode - 51
1,Euron Greyjoy,155,Episode - 52
1,Euron Greyjoy,0,Episode - 53
1,Euron Greyjoy,0,Episode - 54
1,Euron Greyjoy,366,Episode - 55
1,Euron Greyjoy,0,Episode - 56
1,Euron Greyjoy,0,Episode - 57
1,Euron Greyjoy,0,Episode - 58
1,Euron Greyjoy,0,Episode - 59
1,Euron Greyjoy,0,Episode - 60
1,Euron Greyjoy,237,Episode - 61
1,Euron Greyjoy,225,Episode - 62
1,Euron Greyjoy,238,Episode - 63
1,Euron Greyjoy,0,Episode - 64
1,Euron Greyjoy,0,Episode - 65
1,Euron Greyjoy,0,Episode - 66
1,Euron Greyjoy,679,Episode - 67
1,Euron Greyjoy,364,Episode - 68
1,Euron Greyjoy,0,Episode - 69
1,Euron Greyjoy,0,Episode - 70
1,Euron Greyjoy,589,Episode - 71
1,Euron Greyjoy,293,Episode - 72
1,Euron Greyjoy,0,Episode - 73
1,Daenerys Targaryen,819,Episode - 1
1,Daenerys Targaryen,578,Episode - 2
1,Daenerys Targaryen,305,Episode - 3
1,Daenerys Targaryen,273,Episode - 4
1,Daenerys Targaryen,0,Episode - 5
1,Daenerys Targaryen,584,Episode - 6
1,Daenerys Targaryen,578,Episode - 7
1,Daenerys Targaryen,379,Episode - 8
1,Daenerys Targaryen,566,Episode - 9
1,Daenerys Targaryen,818,Episode - 10
1,Daenerys Targaryen,238,Episode - 11
1,Daenerys Targaryen,171,Episode - 12
1,Daenerys Targaryen,0,Episode - 13
1,Daenerys Targaryen,392,Episode - 14
1,Daenerys Targaryen,633,Episode - 15
1,Daenerys Targaryen,374,Episode - 16
1,Daenerys Targaryen,365,Episode - 17
1,Daenerys Targaryen,107,Episode - 18
1,Daenerys Targaryen,0,Episode - 19
1,Daenerys Targaryen,757,Episode - 20
1,Daenerys Targaryen,545,Episode - 21
1,Daenerys Targaryen,0,Episode - 22
1,Daenerys Targaryen,410,Episode - 23
1,Daenerys Targaryen,360,Episode - 24
1,Daenerys Targaryen,183,Episode - 25
1,Daenerys Targaryen,0,Episode - 26
1,Daenerys Targaryen,326,Episode - 27
1,Daenerys Targaryen,473,Episode - 28
1,Daenerys Targaryen,183,Episode - 29
1,Daenerys Targaryen,280,Episode - 30
1,Daenerys Targaryen,348,Episode - 31
1,Daenerys Targaryen,0,Episode - 32
1,Daenerys Targaryen,434,Episode - 33
1,Daenerys Targaryen,138,Episode - 34
1,Daenerys Targaryen,219,Episode - 35
1,Daenerys Targaryen,311,Episode - 36
1,Daenerys Targaryen,332,Episode - 37
1,Daenerys Targaryen,258,Episode - 38
1,Daenerys Targaryen,0,Episode - 39
1,Daenerys Targaryen,450,Episode - 40
1,Daenerys Targaryen,383,Episode - 41
1,Daenerys Targaryen,607,Episode - 42
1,Daenerys Targaryen,0,Episode - 43
1,Daenerys Targaryen,132,Episode - 44
1,Daenerys Targaryen,450,Episode - 45
1,Daenerys Targaryen,0,Episode - 46
1,Daenerys Targaryen,383,Episode - 47
1,Daenerys Targaryen,605,Episode - 48
1,Daenerys Targaryen,973,Episode - 49
1,Daenerys Targaryen,234,Episode - 50
1,Daenerys Targaryen,318,Episode - 51
1,Daenerys Targaryen,0,Episode - 52
1,Daenerys Targaryen,224,Episode - 53
1,Daenerys Targaryen,457,Episode - 54
1,Daenerys Targaryen,192,Episode - 55
1,Daenerys Targaryen,205,Episode - 56
1,Daenerys Targaryen,0,Episode - 57
1,Daenerys Targaryen,12,Episode - 58
1,Daenerys Targaryen,621,Episode - 59
1,Daenerys Targaryen,444,Episode - 60
1,Daenerys Targaryen,334,Episode - 61
1,Daenerys Targaryen,738,Episode - 62
1,Daenerys Targaryen,954,Episode - 63
1,Daenerys Targaryen,725,Episode - 64
1,Daenerys Targaryen,878,Episode - 65
1,Daenerys Targaryen,918,Episode - 66
1,Daenerys Targaryen,1226,Episode - 67
1,Daenerys Targaryen,835,Episode - 68
1,Daenerys Targaryen,1123,Episode - 69
1,Daenerys Targaryen,620,Episode - 70
1,Daenerys Targaryen,1805,Episode - 71
1,Daenerys Targaryen,1059,Episode - 72
1,Daenerys Targaryen,1052,Episode - 73
1,Sandor Clegane,415,Episode - 1
1,Sandor Clegane,239,Episode - 2
1,Sandor Clegane,0,Episode - 3
1,Sandor Clegane,249,Episode - 4
1,Sandor Clegane,239,Episode - 5
1,Sandor Clegane,0,Episode - 6
1,Sandor Clegane,209,Episode - 7
1,Sandor Clegane,390,Episode - 8
1,Sandor Clegane,330,Episode - 9
1,Sandor Clegane,371,Episode - 10
1,Sandor Clegane,261,Episode - 11
1,Sandor Clegane,0,Episode - 12
1,Sandor Clegane,0,Episode - 13
1,Sandor Clegane,196,Episode - 14
1,Sandor Clegane,0,Episode - 15
1,Sandor Clegane,245,Episode - 16
1,Sandor Clegane,70,Episode - 17
1,Sandor Clegane,0,Episode - 18
1,Sandor Clegane,673,Episode - 19
1,Sandor Clegane,0,Episode - 20
1,Sandor Clegane,0,Episode - 21
1,Sandor Clegane,52,Episode - 22
1,Sandor Clegane,25,Episode - 23
1,Sandor Clegane,263,Episode - 24
1,Sandor Clegane,251,Episode - 25
1,Sandor Clegane,0,Episode - 26
1,Sandor Clegane,13,Episode - 27
1,Sandor Clegane,167,Episode - 28
1,Sandor Clegane,331,Episode - 29
1,Sandor Clegane,181,Episode - 30
1,Sandor Clegane,560,Episode - 31
1,Sandor Clegane,0,Episode - 32
1,Sandor Clegane,381,Episode - 33
1,Sandor Clegane,0,Episode - 34
1,Sandor Clegane,221,Episode - 35
1,Sandor Clegane,0,Episode - 36
1,Sandor Clegane,486,Episode - 37
1,Sandor Clegane,128,Episode - 38
1,Sandor Clegane,0,Episode - 39
1,Sandor Clegane,552,Episode - 40
1,Sandor Clegane,0,Episode - 41
1,Sandor Clegane,0,Episode - 42
1,Sandor Clegane,0,Episode - 43
1,Sandor Clegane,0,Episode - 44
1,Sandor Clegane,0,Episode - 45
1,Sandor Clegane,0,Episode - 46
1,Sandor Clegane,0,Episode - 47
1,Sandor Clegane,0,Episode - 48
1,Sandor Clegane,0,Episode - 49
1,Sandor Clegane,0,Episode - 50
1,Sandor Clegane,0,Episode - 51
1,Sandor Clegane,0,Episode - 52
1,Sandor Clegane,0,Episode - 53
1,Sandor Clegane,0,Episode - 54
1,Sandor Clegane,0,Episode - 55
1,Sandor Clegane,0,Episode - 56
1,Sandor Clegane,583,Episode - 57
1,Sandor Clegane,323,Episode - 58
1,Sandor Clegane,0,Episode - 59
1,Sandor Clegane,0,Episode - 60
1,Sandor Clegane,555,Episode - 61
1,Sandor Clegane,0,Episode - 62
1,Sandor Clegane,0,Episode - 63
1,Sandor Clegane,0,Episode - 64
1,Sandor Clegane,203,Episode - 65
1,Sandor Clegane,1799,Episode - 66
1,Sandor Clegane,1100,Episode - 67
1,Sandor Clegane,80,Episode - 68
1,Sandor Clegane,162,Episode - 69
1,Sandor Clegane,529,Episode - 70
1,Sandor Clegane,564,Episode - 71
1,Sandor Clegane,492,Episode - 72
1,Sandor Clegane,0,Episode - 73
